source,value,side,clip_delta
raw_net0,-12.424412727355957,below,8.424412727355957
raw_net0,5.112407684326172,above,1.1436576843261719
raw_net0,-5.547788143157959,below,1.547788143157959
raw_net0,4.650137424468994,above,0.6813874244689941
raw_net0,-4.515854358673096,below,0.5158543586730957
raw_net0,4.632378578186035,above,0.6636285781860352
raw_net0,-4.371912479400635,below,0.37191247940063477
raw_net0,-9.076871871948242,below,5.076871871948242
raw_net0,-10.359025955200195,below,6.359025955200195
raw_net0,6.107239723205566,above,2.1384897232055664
raw_net0,12.192109107971191,above,8.223359107971191
raw_net0,-4.257962703704834,below,0.257962703704834
raw_net0,7.435958385467529,above,3.4672083854675293
raw_net0,-5.750332355499268,below,1.7503323554992676
raw_net0,-4.031780242919922,below,0.031780242919921875
raw_net0,8.355401992797852,above,4.386651992797852
raw_net0,6.647867202758789,above,2.679117202758789
raw_net0,-6.732041358947754,below,2.732041358947754
raw_net0,-6.903059482574463,below,2.903059482574463
raw_net0,8.407761573791504,above,4.439011573791504
raw_net0,4.711999893188477,above,0.7432498931884766
raw_net0,4.992218017578125,above,1.023468017578125
raw_net0,7.207724094390869,above,3.238974094390869
raw_net0,7.310160160064697,above,3.3414101600646973
raw_net0,5.80684757232666,above,1.8380975723266602
raw_net0,-6.473113059997559,below,2.4731130599975586
raw_net0,-10.957045555114746,below,6.957045555114746
raw_net0,9.423107147216797,above,5.454357147216797
raw_net0,-6.7198944091796875,below,2.7198944091796875
raw_net0,6.495006561279297,above,2.526256561279297
raw_net0,4.749693393707275,above,0.7809433937072754
raw_net0,5.628614902496338,above,1.659864902496338
raw_net0,-4.990135669708252,below,0.990135669708252
raw_net0,5.231298923492432,above,1.2625489234924316
raw_net0,7.995578765869141,above,4.026828765869141
raw_net0,-6.769772052764893,below,2.7697720527648926
raw_net0,-7.951274871826172,below,3.951274871826172
raw_net0,4.406702995300293,above,0.43795299530029297
raw_net0,-13.07374095916748,below,9.07374095916748
raw_net0,5.729241371154785,above,1.7604913711547852
raw_net0,-11.735486030578613,below,7.735486030578613
raw_net0,8.349995613098145,above,4.3812456130981445
raw_net0,-20.315120697021484,below,16.315120697021484
raw_net0,6.934185028076172,above,2.965435028076172
raw_net0,-6.629121780395508,below,2.629121780395508
raw_net0,-5.710736274719238,below,1.7107362747192383
raw_net0,5.087637424468994,above,1.1188874244689941
raw_net0,-5.0091471672058105,below,1.0091471672058105
raw_net0,-4.113127708435059,below,0.1131277084350586
raw_net0,6.004788875579834,above,2.036038875579834
raw_net0,5.479569911956787,above,1.510819911956787
raw_net0,8.91331958770752,above,4.9445695877075195
raw_net0,11.820181846618652,above,7.851431846618652
raw_net0,5.463829517364502,above,1.495079517364502
raw_net0,-4.089983940124512,below,0.08998394012451172
raw_net0,-11.706137657165527,below,7.706137657165527
raw_net0,7.315489768981934,above,3.3467397689819336
raw_net0,8.046146392822266,above,4.077396392822266
raw_net0,4.758647918701172,above,0.7898979187011719
raw_net0,-4.142622947692871,below,0.1426229476928711
raw_net0,-5.683411121368408,below,1.6834111213684082
raw_net0,-7.90566349029541,below,3.90566349029541
raw_net0,9.908080101013184,above,5.939330101013184
raw_net0,-7.762007713317871,below,3.762007713317871
raw_net0,-4.0135722160339355,below,0.013572216033935547
raw_net0,-6.311512470245361,below,2.3115124702453613
raw_net0,-4.004249095916748,below,0.004249095916748047
raw_net0,-4.0145955085754395,below,0.014595508575439453
raw_net0,4.683562278747559,above,0.7148122787475586
raw_net0,4.395855903625488,above,0.4271059036254883
raw_net0,7.084676265716553,above,3.1159262657165527
raw_net0,-9.347747802734375,below,5.347747802734375
raw_net0,-6.260366916656494,below,2.260366916656494
raw_net0,5.036581039428711,above,1.067831039428711
raw_net0,5.111406326293945,above,1.1426563262939453
raw_net0,4.902735710144043,above,0.933985710144043
raw_net0,6.427809238433838,above,2.459059238433838
raw_net0,-4.442621231079102,below,0.44262123107910156
raw_net0,4.0510149002075195,above,0.08226490020751953
raw_net0,-12.998387336730957,below,8.998387336730957
raw_net0,-14.356917381286621,below,10.356917381286621
raw_net0,-4.107805252075195,below,0.10780525207519531
raw_net0,-9.459538459777832,below,5.459538459777832
raw_net0,-4.78498649597168,below,0.7849864959716797
raw_net0,11.581419944763184,above,7.612669944763184
raw_net0,5.012849807739258,above,1.0440998077392578
raw_net0,-10.795270919799805,below,6.795270919799805
raw_net0,5.796164512634277,above,1.8274145126342773
raw_net0,-19.379425048828125,below,15.379425048828125
raw_net0,-4.621277809143066,below,0.6212778091430664
raw_net0,-5.29766845703125,below,1.29766845703125
raw_net0,9.496512413024902,above,5.527762413024902
raw_net0,-5.662154197692871,below,1.662154197692871
raw_net0,-7.82979679107666,below,3.82979679107666
raw_net0,-4.130586624145508,below,0.1305866241455078
raw_net0,-5.78891134262085,below,1.7889113426208496
raw_net0,-5.368251800537109,below,1.3682518005371094
raw_net0,12.038338661193848,above,8.069588661193848
raw_net0,4.311153411865234,above,0.3424034118652344
raw_net0,-4.882218837738037,below,0.8822188377380371
raw_net0,-4.216785907745361,below,0.21678590774536133
raw_net0,-5.428006649017334,below,1.428006649017334
raw_net0,4.221400737762451,above,0.25265073776245117
raw_net0,4.191457271575928,above,0.22270727157592773
raw_net0,10.893743515014648,above,6.924993515014648
raw_net0,-4.701144218444824,below,0.7011442184448242
raw_net0,4.5516204833984375,above,0.5828704833984375
raw_net0,5.31210994720459,above,1.3433599472045898
raw_net0,4.340729236602783,above,0.3719792366027832
raw_net0,-5.913527965545654,below,1.9135279655456543
raw_net0,-4.305371284484863,below,0.3053712844848633
raw_net0,-7.413880825042725,below,3.4138808250427246
raw_net0,4.285796165466309,above,0.3170461654663086
raw_net0,12.137433052062988,above,8.168683052062988
raw_net0,-4.4200334548950195,below,0.42003345489501953
raw_net0,-8.714136123657227,below,4.714136123657227
raw_net0,8.217371940612793,above,4.248621940612793
raw_net0,-17.189542770385742,below,13.189542770385742
raw_net0,-5.484439373016357,below,1.4844393730163574
raw_net0,-6.516031265258789,below,2.516031265258789
raw_net0,-4.028885364532471,below,0.028885364532470703
raw_net0,6.716996669769287,above,2.748246669769287
raw_net0,4.9068803787231445,above,0.9381303787231445
raw_net0,-4.753917694091797,below,0.7539176940917969
raw_net0,-9.576831817626953,below,5.576831817626953
raw_net0,7.849491596221924,above,3.880741596221924
raw_net0,5.283161640167236,above,1.3144116401672363
raw_net0,5.406054496765137,above,1.4373044967651367
raw_net0,11.835541725158691,above,7.866791725158691
raw_net0,-9.802806854248047,below,5.802806854248047
raw_net0,-6.532280921936035,below,2.532280921936035
raw_net0,5.144188404083252,above,1.175438404083252
raw_net0,5.191720962524414,above,1.222970962524414
raw_net0,5.290756702423096,above,1.3220067024230957
raw_net0,7.844844341278076,above,3.876094341278076
raw_net0,-6.269496440887451,below,2.269496440887451
raw_net0,-7.120035171508789,below,3.120035171508789
raw_net0,4.089381694793701,above,0.12063169479370117
raw_net0,7.762295246124268,above,3.7935452461242676
raw_net0,8.836764335632324,above,4.868014335632324
raw_net0,4.486324310302734,above,0.5175743103027344
raw_net0,-23.389169692993164,below,19.389169692993164
raw_net0,-4.412071704864502,below,0.41207170486450195
raw_net0,-11.713814735412598,below,7.713814735412598
raw_net0,4.656116008758545,above,0.6873660087585449
raw_net0,13.681468963623047,above,9.712718963623047
raw_net0,-7.399716377258301,below,3.399716377258301
raw_net0,-5.671524524688721,below,1.6715245246887207
raw_net0,-9.129002571105957,below,5.129002571105957
raw_net0,10.351493835449219,above,6.382743835449219
raw_net0,4.574881553649902,above,0.6061315536499023
raw_net0,4.018912315368652,above,0.050162315368652344
raw_net0,-10.520371437072754,below,6.520371437072754
raw_net0,7.905766010284424,above,3.937016010284424
raw_net0,-4.187625885009766,below,0.18762588500976562
raw_net0,4.967496871948242,above,0.9987468719482422
raw_net0,13.408045768737793,above,9.439295768737793
raw_net0,-7.823317527770996,below,3.823317527770996
raw_net0,5.672158241271973,above,1.7034082412719727
raw_net0,12.202275276184082,above,8.233525276184082
raw_net0,10.94528865814209,above,6.97653865814209
raw_net0,-4.993370056152344,below,0.9933700561523438
raw_net0,4.519837856292725,above,0.5510878562927246
raw_net0,8.358038902282715,above,4.389288902282715
raw_net0,-4.93062686920166,below,0.9306268692016602
raw_net0,7.036466598510742,above,3.067716598510742
raw_net0,40.63956832885742,above,36.67081832885742
raw_net0,4.4417948722839355,above,0.47304487228393555
raw_net0,8.286251068115234,above,4.317501068115234
raw_net0,19.657522201538086,above,15.688772201538086
raw_net0,6.249220371246338,above,2.280470371246338
raw_net0,-4.176444053649902,below,0.17644405364990234
raw_net0,-8.101612091064453,below,4.101612091064453
raw_net0,4.523303031921387,above,0.5545530319213867
raw_net0,4.183447360992432,above,0.21469736099243164
raw_net0,4.320556640625,above,0.351806640625
raw_net0,-4.010949611663818,below,0.01094961166381836
raw_net0,-4.749179363250732,below,0.7491793632507324
raw_net0,-5.31395959854126,below,1.3139595985412598
raw_net0,4.733860969543457,above,0.765110969543457
raw_net0,-4.147069454193115,below,0.14706945419311523
raw_net0,4.3039140701293945,above,0.33516407012939453
raw_net0,10.863829612731934,above,6.895079612731934
raw_net0,7.686494827270508,above,3.717744827270508
raw_net0,4.192708492279053,above,0.22395849227905273
raw_net0,4.232475757598877,above,0.26372575759887695
raw_net0,6.367697715759277,above,2.3989477157592773
raw_net0,8.293996810913086,above,4.325246810913086
raw_net0,4.796677112579346,above,0.8279271125793457
raw_net0,5.348795413970947,above,1.3800454139709473
raw_net0,-4.334116458892822,below,0.33411645889282227
raw_net0,-6.162123680114746,below,2.162123680114746
raw_net0,5.37318229675293,above,1.4044322967529297
raw_net0,-4.293725967407227,below,0.29372596740722656
raw_net0,8.134183883666992,above,4.165433883666992
raw_net0,4.988081932067871,above,1.019331932067871
raw_net0,5.3755598068237305,above,1.4068098068237305
raw_net0,-5.018261909484863,below,1.0182619094848633
raw_net0,5.474524974822998,above,1.505774974822998
raw_net0,-9.143275260925293,below,5.143275260925293
raw_net0,-4.143890380859375,below,0.143890380859375
raw_net0,-22.06068229675293,below,18.06068229675293
raw_net0,4.628599166870117,above,0.6598491668701172
raw_net0,-5.934025287628174,below,1.9340252876281738
raw_net0,-5.3348774909973145,below,1.3348774909973145
raw_net0,6.254416465759277,above,2.2856664657592773
raw_net0,-4.284957408905029,below,0.2849574089050293
raw_net0,-7.530856132507324,below,3.530856132507324
raw_net0,-4.168933391571045,below,0.16893339157104492
raw_net0,-4.955428123474121,below,0.9554281234741211
raw_net0,-4.072249889373779,below,0.0722498893737793
raw_net0,-4.660045146942139,below,0.6600451469421387
raw_net0,8.948203086853027,above,4.979453086853027
raw_net0,5.468025207519531,above,1.4992752075195312
raw_net0,-11.623678207397461,below,7.623678207397461
raw_net0,4.20205020904541,above,0.23330020904541016
raw_net0,4.830505847930908,above,0.8617558479309082
raw_net0,4.420223236083984,above,0.4514732360839844
raw_net0,6.278757095336914,above,2.310007095336914
raw_net0,-10.779528617858887,below,6.779528617858887
raw_net0,13.867073059082031,above,9.898323059082031
raw_net0,5.205150127410889,above,1.2364001274108887
raw_net0,6.618099212646484,above,2.6493492126464844
raw_net0,4.911859035491943,above,0.9431090354919434
raw_net0,-20.397172927856445,below,16.397172927856445
raw_net0,-13.00826644897461,below,9.00826644897461
raw_net0,4.900454521179199,above,0.9317045211791992
raw_net0,-5.8699774742126465,below,1.8699774742126465
raw_net0,4.14815616607666,above,0.17940616607666016
raw_net0,-7.248702526092529,below,3.2487025260925293
raw_net0,-8.573838233947754,below,4.573838233947754
raw_net0,-5.333999156951904,below,1.3339991569519043
raw_net0,-4.355502605438232,below,0.3555026054382324
raw_net0,5.43337345123291,above,1.4646234512329102
raw_net0,8.044968605041504,above,4.076218605041504
raw_net0,-9.06165885925293,below,5.06165885925293
raw_net0,-4.069241523742676,below,0.06924152374267578
raw_net0,5.9507317543029785,above,1.9819817543029785
raw_net0,-15.162776947021484,below,11.162776947021484
raw_net0,4.314452171325684,above,0.3457021713256836
raw_net0,4.126711845397949,above,0.15796184539794922
raw_net0,-4.579782485961914,below,0.5797824859619141
raw_net0,-4.669137477874756,below,0.6691374778747559
raw_net0,13.501004219055176,above,9.532254219055176
raw_net0,-6.1276469230651855,below,2.1276469230651855
raw_net0,7.615314483642578,above,3.646564483642578
raw_net0,5.275118350982666,above,1.306368350982666
raw_net0,23.88357925415039,above,19.91482925415039
raw_net0,7.387890338897705,above,3.419140338897705
raw_net0,5.915506362915039,above,1.946756362915039
raw_net0,-5.068475246429443,below,1.0684752464294434
raw_net0,10.097185134887695,above,6.128435134887695
raw_net0,7.4967122077941895,above,3.5279622077941895
raw_net0,-5.399158000946045,below,1.399158000946045
raw_net0,12.804666519165039,above,8.835916519165039
raw_net0,4.206779479980469,above,0.23802947998046875
raw_net0,4.12528657913208,above,0.15653657913208008
raw_net0,6.8415985107421875,above,2.8728485107421875
raw_net0,5.151851654052734,above,1.1831016540527344
raw_net0,-4.4601616859436035,below,0.4601616859436035
raw_net0,6.826943397521973,above,2.8581933975219727
raw_net0,-6.28358793258667,below,2.28358793258667
raw_net0,17.693552017211914,above,13.724802017211914
raw_net0,5.378113746643066,above,1.4093637466430664
raw_net0,-8.117053031921387,below,4.117053031921387
raw_net0,-8.340343475341797,below,4.340343475341797
raw_net0,-4.484618663787842,below,0.4846186637878418
raw_net0,-10.263922691345215,below,6.263922691345215
raw_net0,-7.144904136657715,below,3.144904136657715
raw_net0,-9.151294708251953,below,5.151294708251953
raw_net0,10.035614013671875,above,6.066864013671875
raw_net0,-4.00152587890625,below,0.00152587890625
raw_net0,4.538115978240967,above,0.5693659782409668
raw_net0,5.767070770263672,above,1.7983207702636719
raw_net0,4.544111251831055,above,0.5753612518310547
raw_net0,-4.863247871398926,below,0.8632478713989258
raw_net0,-8.782708168029785,below,4.782708168029785
raw_net0,-7.9594879150390625,below,3.9594879150390625
raw_net0,21.143856048583984,above,17.175106048583984
raw_net0,-4.374445915222168,below,0.37444591522216797
raw_net0,-4.2039666175842285,below,0.20396661758422852
raw_net0,7.2440900802612305,above,3.2753400802612305
raw_net0,-5.7341203689575195,below,1.7341203689575195
raw_net0,-11.38496208190918,below,7.38496208190918
raw_net0,14.320754051208496,above,10.352004051208496
raw_net0,6.919681549072266,above,2.9509315490722656
raw_net0,-8.50285816192627,below,4.5028581619262695
raw_net0,4.725521087646484,above,0.7567710876464844
raw_net0,4.171252727508545,above,0.20250272750854492
raw_net0,-5.548945903778076,below,1.5489459037780762
raw_net0,-4.650853633880615,below,0.6508536338806152
raw_net0,-4.325824737548828,below,0.3258247375488281
raw_net0,5.562235355377197,above,1.5934853553771973
raw_net0,3.9790656566619873,above,0.010315656661987305
raw_net0,4.784826755523682,above,0.8160767555236816
raw_net0,-11.086918830871582,below,7.086918830871582
raw_net0,7.599524974822998,above,3.630774974822998
raw_net0,7.249387741088867,above,3.280637741088867
raw_net0,-6.3874192237854,below,2.3874192237854004
raw_net0,9.556695938110352,above,5.587945938110352
raw_net0,6.355581283569336,above,2.386831283569336
raw_net0,-4.079804420471191,below,0.0798044204711914
raw_net0,4.086138725280762,above,0.11738872528076172
raw_net0,-4.033121109008789,below,0.03312110900878906
raw_net0,-6.122783184051514,below,2.1227831840515137
raw_net0,5.073270320892334,above,1.104520320892334
raw_net0,-4.257753849029541,below,0.257753849029541
raw_net0,-4.348817825317383,below,0.3488178253173828
raw_net0,-6.62620735168457,below,2.6262073516845703
raw_net0,6.264590263366699,above,2.295840263366699
raw_net0,-4.765816688537598,below,0.7658166885375977
raw_net0,-4.782047748565674,below,0.7820477485656738
raw_net0,14.758837699890137,above,10.790087699890137
raw_net0,-4.980987548828125,below,0.980987548828125
raw_net0,-7.23524284362793,below,3.2352428436279297
raw_net0,-5.905960559844971,below,1.9059605598449707
raw_net0,4.31684684753418,above,0.3480968475341797
raw_net0,-8.138161659240723,below,4.138161659240723
raw_net0,6.02559232711792,above,2.05684232711792
raw_net0,-4.107306003570557,below,0.10730600357055664
raw_net0,-4.5660929679870605,below,0.5660929679870605
raw_net0,7.160857677459717,above,3.192107677459717
raw_net0,21.55100440979004,above,17.58225440979004
raw_net0,11.4058837890625,above,7.4371337890625
raw_net0,-15.682232856750488,below,11.682232856750488
raw_net0,-5.136139869689941,below,1.1361398696899414
raw_net0,-5.610618591308594,below,1.6106185913085938
raw_net0,11.96119213104248,above,7.9924421310424805
raw_net0,-4.846420764923096,below,0.8464207649230957
raw_net0,4.3601226806640625,above,0.3913726806640625
raw_net0,4.081993103027344,above,0.11324310302734375
raw_net0,4.420224666595459,above,0.451474666595459
raw_net0,4.863215446472168,above,0.894465446472168
raw_net0,-4.555575847625732,below,0.5555758476257324
raw_net0,4.755099773406982,above,0.7863497734069824
raw_net0,-5.2193922996521,below,1.2193922996520996
raw_net0,-5.383951663970947,below,1.3839516639709473
raw_net0,-5.939373970031738,below,1.9393739700317383
raw_net0,4.992546558380127,above,1.023796558380127
raw_net0,-4.994842529296875,below,0.994842529296875
raw_net0,7.073793411254883,above,3.105043411254883
raw_net0,6.633120536804199,above,2.664370536804199
raw_net0,4.331885814666748,above,0.36313581466674805
raw_net0,-9.835636138916016,below,5.835636138916016
raw_net0,5.929868221282959,above,1.961118221282959
raw_net0,-6.199418544769287,below,2.199418544769287
raw_net0,-5.003785133361816,below,1.0037851333618164
raw_net0,4.95626163482666,above,0.9875116348266602
raw_net0,12.521714210510254,above,8.552964210510254
raw_net0,-4.6931681632995605,below,0.6931681632995605
raw_net0,-5.065471172332764,below,1.0654711723327637
raw_net0,-4.949721813201904,below,0.9497218132019043
raw_net0,5.568936347961426,above,1.6001863479614258
raw_net0,13.079070091247559,above,9.110320091247559
raw_net0,15.995853424072266,above,12.027103424072266
raw_net0,-4.006012439727783,below,0.006012439727783203
raw_net0,17.551822662353516,above,13.583072662353516
raw_net0,5.433841228485107,above,1.4650912284851074
raw_net0,19.631752014160156,above,15.663002014160156
raw_net0,7.474246025085449,above,3.505496025085449
raw_net0,-5.28922700881958,below,1.28922700881958
raw_net0,7.827814102172852,above,3.8590641021728516
raw_net0,3.97589111328125,above,0.00714111328125
raw_net0,-11.796438217163086,below,7.796438217163086
raw_net0,4.099590301513672,above,0.13084030151367188
raw_net0,-4.21825647354126,below,0.21825647354125977
raw_net0,-4.889133930206299,below,0.8891339302062988
raw_net0,-9.477002143859863,below,5.477002143859863
raw_net0,4.533135890960693,above,0.5643858909606934
raw_net0,4.657402992248535,above,0.6886529922485352
raw_net0,-4.804601192474365,below,0.8046011924743652
raw_net0,-9.763636589050293,below,5.763636589050293
raw_net0,19.97064781188965,above,16.00189781188965
raw_net0,5.25115966796875,above,1.28240966796875
raw_net0,-5.569566249847412,below,1.569566249847412
raw_net0,-6.826312065124512,below,2.8263120651245117
raw_net0,-4.2360944747924805,below,0.23609447479248047
raw_net0,4.518991947174072,above,0.5502419471740723
raw_net0,4.395197868347168,above,0.42644786834716797
raw_net0,6.316469192504883,above,2.347719192504883
raw_net0,4.424407482147217,above,0.4556574821472168
raw_net0,-9.241904258728027,below,5.241904258728027
raw_net0,-10.951228141784668,below,6.951228141784668
raw_net0,-7.368444919586182,below,3.3684449195861816
raw_net0,5.90896463394165,above,1.9402146339416504
raw_net0,5.026571273803711,above,1.057821273803711
raw_net0,-9.90807819366455,below,5.908078193664551
raw_net0,-4.545026779174805,below,0.5450267791748047
raw_net0,5.89594030380249,above,1.9271903038024902
raw_net0,6.019913196563721,above,2.0511631965637207
raw_net0,-7.273706436157227,below,3.2737064361572266
raw_net0,7.628660678863525,above,3.6599106788635254
raw_net0,-4.194228172302246,below,0.1942281723022461
raw_net0,5.260316848754883,above,1.2915668487548828
raw_net0,-4.801090240478516,below,0.8010902404785156
raw_net0,4.354736328125,above,0.385986328125
raw_net0,-4.098231792449951,below,0.09823179244995117
raw_net0,-7.6740217208862305,below,3.6740217208862305
raw_net0,5.346826553344727,above,1.3780765533447266
raw_net0,-4.496176242828369,below,0.49617624282836914
raw_net0,-9.498427391052246,below,5.498427391052246
raw_net0,4.289041996002197,above,0.32029199600219727
raw_net0,-16.175823211669922,below,12.175823211669922
raw_net0,5.780430316925049,above,1.8116803169250488
raw_net0,-10.466499328613281,below,6.466499328613281
raw_net0,-9.330562591552734,below,5.330562591552734
raw_net0,-10.025777816772461,below,6.025777816772461
raw_net0,-21.883193969726562,below,17.883193969726562
raw_net0,4.588114261627197,above,0.6193642616271973
raw_net0,-14.845662117004395,below,10.845662117004395
raw_net0,6.253559112548828,above,2.284809112548828
raw_net0,-5.128846168518066,below,1.1288461685180664
raw_net0,7.811877250671387,above,3.8431272506713867
raw_net0,-5.07321310043335,below,1.0732131004333496
raw_net0,-10.188146591186523,below,6.188146591186523
raw_net0,6.647541046142578,above,2.678791046142578
raw_net0,8.850910186767578,above,4.882160186767578
raw_net0,-4.288996696472168,below,0.28899669647216797
raw_net0,-4.7564005851745605,below,0.7564005851745605
raw_net0,4.736543655395508,above,0.7677936553955078
raw_net0,4.861997127532959,above,0.893247127532959
raw_net0,-6.659129619598389,below,2.6591296195983887
raw_net0,-4.031390190124512,below,0.03139019012451172
raw_net0,6.1165032386779785,above,2.1477532386779785
raw_net0,-7.426198482513428,below,3.4261984825134277
raw_net0,-4.42360258102417,below,0.4236025810241699
raw_net0,5.914496898651123,above,1.945746898651123
raw_net0,-4.8107500076293945,below,0.8107500076293945
raw_net0,-4.687705039978027,below,0.6877050399780273
raw_net0,-4.7140655517578125,below,0.7140655517578125
raw_net0,-17.692325592041016,below,13.692325592041016
raw_net0,8.056661605834961,above,4.087911605834961
raw_net0,-4.122056484222412,below,0.12205648422241211
raw_net0,-5.400179386138916,below,1.400179386138916
raw_net0,-4.159267425537109,below,0.15926742553710938
raw_net0,-7.1967668533325195,below,3.1967668533325195
raw_net0,-12.738116264343262,below,8.738116264343262
raw_net0,4.379396438598633,above,0.4106464385986328
raw_net0,-4.290311336517334,below,0.290311336517334
raw_net0,9.642120361328125,above,5.673370361328125
raw_net0,-7.287067890167236,below,3.2870678901672363
raw_net0,-6.363624572753906,below,2.3636245727539062
raw_net0,7.289207458496094,above,3.3204574584960938
raw_net0,5.151649475097656,above,1.1828994750976562
raw_net0,4.530266761779785,above,0.5615167617797852
raw_net0,7.563727378845215,above,3.594977378845215
raw_net0,9.35361385345459,above,5.38486385345459
raw_net0,5.476914405822754,above,1.508164405822754
raw_net0,6.9751763343811035,above,3.0064263343811035
raw_net0,-6.695337295532227,below,2.6953372955322266
raw_net0,7.974715709686279,above,4.005965709686279
raw_net0,6.830798625946045,above,2.862048625946045
raw_net0,-6.71415901184082,below,2.7141590118408203
raw_net0,-5.233595371246338,below,1.233595371246338
raw_net0,4.577633857727051,above,0.6088838577270508
raw_net0,-5.016573905944824,below,1.0165739059448242
raw_net0,4.932680130004883,above,0.9639301300048828
raw_net0,18.863601684570312,above,14.894851684570312
raw_net0,10.82565975189209,above,6.85690975189209
raw_net0,-4.048672676086426,below,0.04867267608642578
raw_net0,3.9796764850616455,above,0.010926485061645508
raw_net0,-4.276942253112793,below,0.27694225311279297
raw_net0,-10.676626205444336,below,6.676626205444336
raw_net0,4.108009338378906,above,0.13925933837890625
raw_net0,-5.2852463722229,below,1.2852463722229004
raw_net0,-9.529960632324219,below,5.529960632324219
raw_net0,-7.049269199371338,below,3.049269199371338
raw_net0,-5.669027328491211,below,1.669027328491211
raw_net0,-14.219135284423828,below,10.219135284423828
raw_net0,6.471602439880371,above,2.502852439880371
raw_net0,-9.47482967376709,below,5.47482967376709
raw_net0,-4.141606330871582,below,0.14160633087158203
raw_net0,4.213393688201904,above,0.2446436882019043
raw_net0,4.716207981109619,above,0.7474579811096191
raw_net0,-5.175835132598877,below,1.175835132598877
raw_net0,5.06807279586792,above,1.09932279586792
raw_net0,-4.007292747497559,below,0.007292747497558594
raw_net0,-5.742588043212891,below,1.7425880432128906
raw_net0,-5.275136470794678,below,1.2751364707946777
raw_net0,-7.736285209655762,below,3.7362852096557617
raw_net0,5.770925045013428,above,1.8021750450134277
raw_net0,-4.5311455726623535,below,0.5311455726623535
raw_net0,-7.441088676452637,below,3.4410886764526367
raw_net0,13.392538070678711,above,9.423788070678711
raw_net0,-5.579061031341553,below,1.5790610313415527
raw_net0,-7.975597381591797,below,3.975597381591797
raw_net0,-4.337017059326172,below,0.3370170593261719
raw_net0,7.908278942108154,above,3.9395289421081543
raw_net0,-11.186039924621582,below,7.186039924621582
raw_net0,9.194144248962402,above,5.225394248962402
raw_net0,-5.207479000091553,below,1.2074790000915527
raw_net0,11.93679141998291,above,7.96804141998291
raw_net0,30.2374210357666,above,26.2686710357666
raw_net0,-4.1836137771606445,below,0.18361377716064453
raw_net0,4.768332004547119,above,0.7995820045471191
raw_net0,5.909875392913818,above,1.9411253929138184
raw_net0,5.047784805297852,above,1.0790348052978516
raw_net0,8.24669361114502,above,4.2779436111450195
raw_net0,7.996620178222656,above,4.027870178222656
raw_net0,5.0211944580078125,above,1.0524444580078125
raw_net0,-4.992564678192139,below,0.9925646781921387
raw_net0,-4.2340312004089355,below,0.23403120040893555
raw_net0,5.1166205406188965,above,1.1478705406188965
raw_net0,-4.773586273193359,below,0.7735862731933594
raw_net0,4.864206790924072,above,0.8954567909240723
raw_net0,-12.122039794921875,below,8.122039794921875
raw_net0,-9.753993034362793,below,5.753993034362793
raw_net0,4.588405132293701,above,0.6196551322937012
raw_net0,7.06762170791626,above,3.0988717079162598
raw_net0,4.110573768615723,above,0.14182376861572266
raw_net0,-4.1276631355285645,below,0.12766313552856445
raw_net0,4.773574352264404,above,0.8048243522644043
raw_net0,6.763885498046875,above,2.795135498046875
raw_net0,-13.865335464477539,below,9.865335464477539
raw_net0,4.247762203216553,above,0.27901220321655273
raw_net0,-12.591188430786133,below,8.591188430786133
raw_net0,35.168479919433594,above,31.199729919433594
raw_net0,6.8230366706848145,above,2.8542866706848145
raw_net0,-7.9408111572265625,below,3.9408111572265625
raw_net0,4.740848064422607,above,0.7720980644226074
raw_net0,-5.7010273933410645,below,1.7010273933410645
raw_net0,-5.534879684448242,below,1.5348796844482422
raw_net0,-4.1488189697265625,below,0.1488189697265625
raw_net0,-4.265671253204346,below,0.2656712532043457
raw_net0,-8.9556884765625,below,4.9556884765625
raw_net0,-4.725160598754883,below,0.7251605987548828
raw_net0,4.176469326019287,above,0.2077193260192871
raw_net0,4.476313591003418,above,0.507563591003418
raw_net0,-5.599625110626221,below,1.5996251106262207
raw_net0,6.725121974945068,above,2.7563719749450684
mapped_signed_split_net0,-12.424412727355957,below,8.424412727355957
mapped_signed_split_net0,5.112407684326172,above,1.1436576843261719
mapped_signed_split_net0,12.424412727355957,above,8.455662727355957
mapped_signed_split_net0,-5.112407684326172,below,1.1124076843261719
mapped_signed_split_net0,-5.547788143157959,below,1.547788143157959
mapped_signed_split_net0,5.547788143157959,above,1.579038143157959
mapped_signed_split_net0,4.650137424468994,above,0.6813874244689941
mapped_signed_split_net0,-4.515854358673096,below,0.5158543586730957
mapped_signed_split_net0,4.632378578186035,above,0.6636285781860352
mapped_signed_split_net0,-4.650137424468994,below,0.6501374244689941
mapped_signed_split_net0,4.515854358673096,above,0.5471043586730957
mapped_signed_split_net0,-4.632378578186035,below,0.6323785781860352
mapped_signed_split_net0,-4.371912479400635,below,0.37191247940063477
mapped_signed_split_net0,-9.076871871948242,below,5.076871871948242
mapped_signed_split_net0,-10.359025955200195,below,6.359025955200195
mapped_signed_split_net0,6.107239723205566,above,2.1384897232055664
mapped_signed_split_net0,4.371912479400635,above,0.40316247940063477
mapped_signed_split_net0,9.076871871948242,above,5.108121871948242
mapped_signed_split_net0,10.359025955200195,above,6.390275955200195
mapped_signed_split_net0,-6.107239723205566,below,2.1072397232055664
mapped_signed_split_net0,12.192109107971191,above,8.223359107971191
mapped_signed_split_net0,-4.257962703704834,below,0.257962703704834
mapped_signed_split_net0,-12.192109107971191,below,8.192109107971191
mapped_signed_split_net0,4.257962703704834,above,0.289212703704834
mapped_signed_split_net0,7.435958385467529,above,3.4672083854675293
mapped_signed_split_net0,-5.750332355499268,below,1.7503323554992676
mapped_signed_split_net0,-7.435958385467529,below,3.4359583854675293
mapped_signed_split_net0,5.750332355499268,above,1.7815823554992676
mapped_signed_split_net0,-4.031780242919922,below,0.031780242919921875
mapped_signed_split_net0,8.355401992797852,above,4.386651992797852
mapped_signed_split_net0,4.031780242919922,above,0.06303024291992188
mapped_signed_split_net0,-8.355401992797852,below,4.355401992797852
mapped_signed_split_net0,6.647867202758789,above,2.679117202758789
mapped_signed_split_net0,-6.647867202758789,below,2.647867202758789
mapped_signed_split_net0,-6.732041358947754,below,2.732041358947754
mapped_signed_split_net0,6.732041358947754,above,2.763291358947754
mapped_signed_split_net0,-6.903059482574463,below,2.903059482574463
mapped_signed_split_net0,8.407761573791504,above,4.439011573791504
mapped_signed_split_net0,6.903059482574463,above,2.934309482574463
mapped_signed_split_net0,-8.407761573791504,below,4.407761573791504
mapped_signed_split_net0,4.711999893188477,above,0.7432498931884766
mapped_signed_split_net0,4.992218017578125,above,1.023468017578125
mapped_signed_split_net0,-4.711999893188477,below,0.7119998931884766
mapped_signed_split_net0,-4.992218017578125,below,0.992218017578125
mapped_signed_split_net0,7.207724094390869,above,3.238974094390869
mapped_signed_split_net0,-7.207724094390869,below,3.207724094390869
mapped_signed_split_net0,7.310160160064697,above,3.3414101600646973
mapped_signed_split_net0,5.80684757232666,above,1.8380975723266602
mapped_signed_split_net0,-6.473113059997559,below,2.4731130599975586
mapped_signed_split_net0,-10.957045555114746,below,6.957045555114746
mapped_signed_split_net0,-7.310160160064697,below,3.3101601600646973
mapped_signed_split_net0,-5.80684757232666,below,1.8068475723266602
mapped_signed_split_net0,6.473113059997559,above,2.5043630599975586
mapped_signed_split_net0,10.957045555114746,above,6.988295555114746
mapped_signed_split_net0,9.423107147216797,above,5.454357147216797
mapped_signed_split_net0,-9.423107147216797,below,5.423107147216797
mapped_signed_split_net0,-6.7198944091796875,below,2.7198944091796875
mapped_signed_split_net0,6.495006561279297,above,2.526256561279297
mapped_signed_split_net0,4.749693393707275,above,0.7809433937072754
mapped_signed_split_net0,5.628614902496338,above,1.659864902496338
mapped_signed_split_net0,6.7198944091796875,above,2.7511444091796875
mapped_signed_split_net0,-6.495006561279297,below,2.495006561279297
mapped_signed_split_net0,-4.749693393707275,below,0.7496933937072754
mapped_signed_split_net0,-5.628614902496338,below,1.628614902496338
mapped_signed_split_net0,-4.990135669708252,below,0.990135669708252
mapped_signed_split_net0,4.990135669708252,above,1.021385669708252
mapped_signed_split_net0,5.231298923492432,above,1.2625489234924316
mapped_signed_split_net0,7.995578765869141,above,4.026828765869141
mapped_signed_split_net0,-5.231298923492432,below,1.2312989234924316
mapped_signed_split_net0,-7.995578765869141,below,3.9955787658691406
mapped_signed_split_net0,-6.769772052764893,below,2.7697720527648926
mapped_signed_split_net0,6.769772052764893,above,2.8010220527648926
mapped_signed_split_net0,-7.951274871826172,below,3.951274871826172
mapped_signed_split_net0,7.951274871826172,above,3.982524871826172
mapped_signed_split_net0,4.406702995300293,above,0.43795299530029297
mapped_signed_split_net0,-13.07374095916748,below,9.07374095916748
mapped_signed_split_net0,-4.406702995300293,below,0.40670299530029297
mapped_signed_split_net0,13.07374095916748,above,9.10499095916748
mapped_signed_split_net0,5.729241371154785,above,1.7604913711547852
mapped_signed_split_net0,-5.729241371154785,below,1.7292413711547852
mapped_signed_split_net0,-11.735486030578613,below,7.735486030578613
mapped_signed_split_net0,8.349995613098145,above,4.3812456130981445
mapped_signed_split_net0,11.735486030578613,above,7.766736030578613
mapped_signed_split_net0,-8.349995613098145,below,4.3499956130981445
mapped_signed_split_net0,-20.315120697021484,below,16.315120697021484
mapped_signed_split_net0,6.934185028076172,above,2.965435028076172
mapped_signed_split_net0,-6.629121780395508,below,2.629121780395508
mapped_signed_split_net0,20.315120697021484,above,16.346370697021484
mapped_signed_split_net0,-6.934185028076172,below,2.934185028076172
mapped_signed_split_net0,6.629121780395508,above,2.660371780395508
mapped_signed_split_net0,-5.710736274719238,below,1.7107362747192383
mapped_signed_split_net0,5.087637424468994,above,1.1188874244689941
mapped_signed_split_net0,-5.0091471672058105,below,1.0091471672058105
mapped_signed_split_net0,-4.113127708435059,below,0.1131277084350586
mapped_signed_split_net0,5.710736274719238,above,1.7419862747192383
mapped_signed_split_net0,-5.087637424468994,below,1.0876374244689941
mapped_signed_split_net0,5.0091471672058105,above,1.0403971672058105
mapped_signed_split_net0,4.113127708435059,above,0.1443777084350586
mapped_signed_split_net0,6.004788875579834,above,2.036038875579834
mapped_signed_split_net0,-6.004788875579834,below,2.004788875579834
mapped_signed_split_net0,5.479569911956787,above,1.510819911956787
mapped_signed_split_net0,-5.479569911956787,below,1.479569911956787
mapped_signed_split_net0,8.91331958770752,above,4.9445695877075195
mapped_signed_split_net0,11.820181846618652,above,7.851431846618652
mapped_signed_split_net0,-8.91331958770752,below,4.9133195877075195
mapped_signed_split_net0,-11.820181846618652,below,7.820181846618652
mapped_signed_split_net0,5.463829517364502,above,1.495079517364502
mapped_signed_split_net0,-4.089983940124512,below,0.08998394012451172
mapped_signed_split_net0,-11.706137657165527,below,7.706137657165527
mapped_signed_split_net0,-5.463829517364502,below,1.463829517364502
mapped_signed_split_net0,4.089983940124512,above,0.12123394012451172
mapped_signed_split_net0,11.706137657165527,above,7.737387657165527
mapped_signed_split_net0,7.315489768981934,above,3.3467397689819336
mapped_signed_split_net0,-7.315489768981934,below,3.3154897689819336
mapped_signed_split_net0,8.046146392822266,above,4.077396392822266
mapped_signed_split_net0,-8.046146392822266,below,4.046146392822266
mapped_signed_split_net0,4.758647918701172,above,0.7898979187011719
mapped_signed_split_net0,-4.142622947692871,below,0.1426229476928711
mapped_signed_split_net0,-5.683411121368408,below,1.6834111213684082
mapped_signed_split_net0,-4.758647918701172,below,0.7586479187011719
mapped_signed_split_net0,4.142622947692871,above,0.1738729476928711
mapped_signed_split_net0,5.683411121368408,above,1.7146611213684082
mapped_signed_split_net0,-7.90566349029541,below,3.90566349029541
mapped_signed_split_net0,9.908080101013184,above,5.939330101013184
mapped_signed_split_net0,-7.762007713317871,below,3.762007713317871
mapped_signed_split_net0,7.90566349029541,above,3.93691349029541
mapped_signed_split_net0,-9.908080101013184,below,5.908080101013184
mapped_signed_split_net0,7.762007713317871,above,3.793257713317871
mapped_signed_split_net0,-4.0135722160339355,below,0.013572216033935547
mapped_signed_split_net0,-6.311512470245361,below,2.3115124702453613
mapped_signed_split_net0,4.0135722160339355,above,0.04482221603393555
mapped_signed_split_net0,6.311512470245361,above,2.3427624702453613
mapped_signed_split_net0,-4.004249095916748,below,0.004249095916748047
mapped_signed_split_net0,-4.0145955085754395,below,0.014595508575439453
mapped_signed_split_net0,4.004249095916748,above,0.03549909591674805
mapped_signed_split_net0,4.0145955085754395,above,0.04584550857543945
mapped_signed_split_net0,4.683562278747559,above,0.7148122787475586
mapped_signed_split_net0,-4.683562278747559,below,0.6835622787475586
mapped_signed_split_net0,4.395855903625488,above,0.4271059036254883
mapped_signed_split_net0,7.084676265716553,above,3.1159262657165527
mapped_signed_split_net0,-9.347747802734375,below,5.347747802734375
mapped_signed_split_net0,-4.395855903625488,below,0.3958559036254883
mapped_signed_split_net0,-7.084676265716553,below,3.0846762657165527
mapped_signed_split_net0,9.347747802734375,above,5.378997802734375
mapped_signed_split_net0,-6.260366916656494,below,2.260366916656494
mapped_signed_split_net0,6.260366916656494,above,2.291616916656494
mapped_signed_split_net0,5.036581039428711,above,1.067831039428711
mapped_signed_split_net0,5.111406326293945,above,1.1426563262939453
mapped_signed_split_net0,4.902735710144043,above,0.933985710144043
mapped_signed_split_net0,-5.036581039428711,below,1.036581039428711
mapped_signed_split_net0,-5.111406326293945,below,1.1114063262939453
mapped_signed_split_net0,-4.902735710144043,below,0.902735710144043
mapped_signed_split_net0,6.427809238433838,above,2.459059238433838
mapped_signed_split_net0,-4.442621231079102,below,0.44262123107910156
mapped_signed_split_net0,4.0510149002075195,above,0.08226490020751953
mapped_signed_split_net0,-6.427809238433838,below,2.427809238433838
mapped_signed_split_net0,4.442621231079102,above,0.47387123107910156
mapped_signed_split_net0,-4.0510149002075195,below,0.05101490020751953
mapped_signed_split_net0,-12.998387336730957,below,8.998387336730957
mapped_signed_split_net0,12.998387336730957,above,9.029637336730957
mapped_signed_split_net0,-14.356917381286621,below,10.356917381286621
mapped_signed_split_net0,14.356917381286621,above,10.388167381286621
mapped_signed_split_net0,-4.107805252075195,below,0.10780525207519531
mapped_signed_split_net0,-9.459538459777832,below,5.459538459777832
mapped_signed_split_net0,4.107805252075195,above,0.1390552520751953
mapped_signed_split_net0,9.459538459777832,above,5.490788459777832
mapped_signed_split_net0,-4.78498649597168,below,0.7849864959716797
mapped_signed_split_net0,4.78498649597168,above,0.8162364959716797
mapped_signed_split_net0,11.581419944763184,above,7.612669944763184
mapped_signed_split_net0,-11.581419944763184,below,7.581419944763184
mapped_signed_split_net0,5.012849807739258,above,1.0440998077392578
mapped_signed_split_net0,-5.012849807739258,below,1.0128498077392578
mapped_signed_split_net0,-10.795270919799805,below,6.795270919799805
mapped_signed_split_net0,10.795270919799805,above,6.826520919799805
mapped_signed_split_net0,5.796164512634277,above,1.8274145126342773
mapped_signed_split_net0,-19.379425048828125,below,15.379425048828125
mapped_signed_split_net0,-5.796164512634277,below,1.7961645126342773
mapped_signed_split_net0,19.379425048828125,above,15.410675048828125
mapped_signed_split_net0,-4.621277809143066,below,0.6212778091430664
mapped_signed_split_net0,-5.29766845703125,below,1.29766845703125
mapped_signed_split_net0,9.496512413024902,above,5.527762413024902
mapped_signed_split_net0,4.621277809143066,above,0.6525278091430664
mapped_signed_split_net0,5.29766845703125,above,1.32891845703125
mapped_signed_split_net0,-9.496512413024902,below,5.496512413024902
mapped_signed_split_net0,-5.662154197692871,below,1.662154197692871
mapped_signed_split_net0,-7.82979679107666,below,3.82979679107666
mapped_signed_split_net0,5.662154197692871,above,1.693404197692871
mapped_signed_split_net0,7.82979679107666,above,3.86104679107666
mapped_signed_split_net0,-4.130586624145508,below,0.1305866241455078
mapped_signed_split_net0,4.130586624145508,above,0.1618366241455078
mapped_signed_split_net0,-5.78891134262085,below,1.7889113426208496
mapped_signed_split_net0,-5.368251800537109,below,1.3682518005371094
mapped_signed_split_net0,12.038338661193848,above,8.069588661193848
mapped_signed_split_net0,5.78891134262085,above,1.8201613426208496
mapped_signed_split_net0,5.368251800537109,above,1.3995018005371094
mapped_signed_split_net0,-12.038338661193848,below,8.038338661193848
mapped_signed_split_net0,4.311153411865234,above,0.3424034118652344
mapped_signed_split_net0,-4.882218837738037,below,0.8822188377380371
mapped_signed_split_net0,-4.216785907745361,below,0.21678590774536133
mapped_signed_split_net0,-5.428006649017334,below,1.428006649017334
mapped_signed_split_net0,-4.311153411865234,below,0.3111534118652344
mapped_signed_split_net0,4.882218837738037,above,0.9134688377380371
mapped_signed_split_net0,4.216785907745361,above,0.24803590774536133
mapped_signed_split_net0,5.428006649017334,above,1.459256649017334
mapped_signed_split_net0,4.221400737762451,above,0.25265073776245117
mapped_signed_split_net0,-4.221400737762451,below,0.22140073776245117
mapped_signed_split_net0,4.191457271575928,above,0.22270727157592773
mapped_signed_split_net0,-4.191457271575928,below,0.19145727157592773
mapped_signed_split_net0,10.893743515014648,above,6.924993515014648
mapped_signed_split_net0,-4.701144218444824,below,0.7011442184448242
mapped_signed_split_net0,-10.893743515014648,below,6.893743515014648
mapped_signed_split_net0,4.701144218444824,above,0.7323942184448242
mapped_signed_split_net0,4.5516204833984375,above,0.5828704833984375
mapped_signed_split_net0,-4.5516204833984375,below,0.5516204833984375
mapped_signed_split_net0,5.31210994720459,above,1.3433599472045898
mapped_signed_split_net0,4.340729236602783,above,0.3719792366027832
mapped_signed_split_net0,-5.913527965545654,below,1.9135279655456543
mapped_signed_split_net0,-4.305371284484863,below,0.3053712844848633
mapped_signed_split_net0,-5.31210994720459,below,1.3121099472045898
mapped_signed_split_net0,-4.340729236602783,below,0.3407292366027832
mapped_signed_split_net0,5.913527965545654,above,1.9447779655456543
mapped_signed_split_net0,4.305371284484863,above,0.3366212844848633
mapped_signed_split_net0,-7.413880825042725,below,3.4138808250427246
mapped_signed_split_net0,4.285796165466309,above,0.3170461654663086
mapped_signed_split_net0,12.137433052062988,above,8.168683052062988
mapped_signed_split_net0,-4.4200334548950195,below,0.42003345489501953
mapped_signed_split_net0,7.413880825042725,above,3.4451308250427246
mapped_signed_split_net0,-4.285796165466309,below,0.2857961654663086
mapped_signed_split_net0,-12.137433052062988,below,8.137433052062988
mapped_signed_split_net0,4.4200334548950195,above,0.45128345489501953
mapped_signed_split_net0,-8.714136123657227,below,4.714136123657227
mapped_signed_split_net0,8.217371940612793,above,4.248621940612793
mapped_signed_split_net0,-17.189542770385742,below,13.189542770385742
mapped_signed_split_net0,8.714136123657227,above,4.745386123657227
mapped_signed_split_net0,-8.217371940612793,below,4.217371940612793
mapped_signed_split_net0,17.189542770385742,above,13.220792770385742
mapped_signed_split_net0,-5.484439373016357,below,1.4844393730163574
mapped_signed_split_net0,-6.516031265258789,below,2.516031265258789
mapped_signed_split_net0,-4.028885364532471,below,0.028885364532470703
mapped_signed_split_net0,5.484439373016357,above,1.5156893730163574
mapped_signed_split_net0,6.516031265258789,above,2.547281265258789
mapped_signed_split_net0,3.9718778133392334,above,0.0031278133392333984
mapped_signed_split_net0,4.028885364532471,above,0.0601353645324707
mapped_signed_split_net0,6.716996669769287,above,2.748246669769287
mapped_signed_split_net0,-6.716996669769287,below,2.716996669769287
mapped_signed_split_net0,4.9068803787231445,above,0.9381303787231445
mapped_signed_split_net0,-4.9068803787231445,below,0.9068803787231445
mapped_signed_split_net0,-4.753917694091797,below,0.7539176940917969
mapped_signed_split_net0,-9.576831817626953,below,5.576831817626953
mapped_signed_split_net0,4.753917694091797,above,0.7851676940917969
mapped_signed_split_net0,9.576831817626953,above,5.608081817626953
mapped_signed_split_net0,7.849491596221924,above,3.880741596221924
mapped_signed_split_net0,5.283161640167236,above,1.3144116401672363
mapped_signed_split_net0,-7.849491596221924,below,3.849491596221924
mapped_signed_split_net0,-5.283161640167236,below,1.2831616401672363
mapped_signed_split_net0,5.406054496765137,above,1.4373044967651367
mapped_signed_split_net0,11.835541725158691,above,7.866791725158691
mapped_signed_split_net0,-5.406054496765137,below,1.4060544967651367
mapped_signed_split_net0,-11.835541725158691,below,7.835541725158691
mapped_signed_split_net0,-9.802806854248047,below,5.802806854248047
mapped_signed_split_net0,-6.532280921936035,below,2.532280921936035
mapped_signed_split_net0,5.144188404083252,above,1.175438404083252
mapped_signed_split_net0,9.802806854248047,above,5.834056854248047
mapped_signed_split_net0,6.532280921936035,above,2.563530921936035
mapped_signed_split_net0,-5.144188404083252,below,1.144188404083252
mapped_signed_split_net0,5.191720962524414,above,1.222970962524414
mapped_signed_split_net0,5.290756702423096,above,1.3220067024230957
mapped_signed_split_net0,-5.191720962524414,below,1.191720962524414
mapped_signed_split_net0,-5.290756702423096,below,1.2907567024230957
mapped_signed_split_net0,7.844844341278076,above,3.876094341278076
mapped_signed_split_net0,-6.269496440887451,below,2.269496440887451
mapped_signed_split_net0,-7.120035171508789,below,3.120035171508789
mapped_signed_split_net0,-7.844844341278076,below,3.844844341278076
mapped_signed_split_net0,6.269496440887451,above,2.300746440887451
mapped_signed_split_net0,7.120035171508789,above,3.151285171508789
mapped_signed_split_net0,4.089381694793701,above,0.12063169479370117
mapped_signed_split_net0,7.762295246124268,above,3.7935452461242676
mapped_signed_split_net0,8.836764335632324,above,4.868014335632324
mapped_signed_split_net0,4.486324310302734,above,0.5175743103027344
mapped_signed_split_net0,-4.089381694793701,below,0.08938169479370117
mapped_signed_split_net0,-7.762295246124268,below,3.7622952461242676
mapped_signed_split_net0,-8.836764335632324,below,4.836764335632324
mapped_signed_split_net0,-4.486324310302734,below,0.4863243103027344
mapped_signed_split_net0,-23.389169692993164,below,19.389169692993164
mapped_signed_split_net0,-4.412071704864502,below,0.41207170486450195
mapped_signed_split_net0,-11.713814735412598,below,7.713814735412598
mapped_signed_split_net0,4.656116008758545,above,0.6873660087585449
mapped_signed_split_net0,13.681468963623047,above,9.712718963623047
mapped_signed_split_net0,23.389169692993164,above,19.420419692993164
mapped_signed_split_net0,4.412071704864502,above,0.44332170486450195
mapped_signed_split_net0,11.713814735412598,above,7.745064735412598
mapped_signed_split_net0,-4.656116008758545,below,0.6561160087585449
mapped_signed_split_net0,-13.681468963623047,below,9.681468963623047
mapped_signed_split_net0,-7.399716377258301,below,3.399716377258301
mapped_signed_split_net0,-5.671524524688721,below,1.6715245246887207
mapped_signed_split_net0,-9.129002571105957,below,5.129002571105957
mapped_signed_split_net0,7.399716377258301,above,3.430966377258301
mapped_signed_split_net0,5.671524524688721,above,1.7027745246887207
mapped_signed_split_net0,9.129002571105957,above,5.160252571105957
mapped_signed_split_net0,10.351493835449219,above,6.382743835449219
mapped_signed_split_net0,-10.351493835449219,below,6.351493835449219
mapped_signed_split_net0,4.574881553649902,above,0.6061315536499023
mapped_signed_split_net0,-4.574881553649902,below,0.5748815536499023
mapped_signed_split_net0,4.018912315368652,above,0.050162315368652344
mapped_signed_split_net0,-4.018912315368652,below,0.018912315368652344
mapped_signed_split_net0,3.996508836746216,above,0.02775883674621582
mapped_signed_split_net0,-10.520371437072754,below,6.520371437072754
mapped_signed_split_net0,10.520371437072754,above,6.551621437072754
mapped_signed_split_net0,7.905766010284424,above,3.937016010284424
mapped_signed_split_net0,-4.187625885009766,below,0.18762588500976562
mapped_signed_split_net0,-7.905766010284424,below,3.905766010284424
mapped_signed_split_net0,4.187625885009766,above,0.21887588500976562
mapped_signed_split_net0,4.967496871948242,above,0.9987468719482422
mapped_signed_split_net0,-4.967496871948242,below,0.9674968719482422
mapped_signed_split_net0,13.408045768737793,above,9.439295768737793
mapped_signed_split_net0,-7.823317527770996,below,3.823317527770996
mapped_signed_split_net0,-13.408045768737793,below,9.408045768737793
mapped_signed_split_net0,7.823317527770996,above,3.854567527770996
mapped_signed_split_net0,5.672158241271973,above,1.7034082412719727
mapped_signed_split_net0,-5.672158241271973,below,1.6721582412719727
mapped_signed_split_net0,12.202275276184082,above,8.233525276184082
mapped_signed_split_net0,-12.202275276184082,below,8.202275276184082
mapped_signed_split_net0,10.94528865814209,above,6.97653865814209
mapped_signed_split_net0,-4.993370056152344,below,0.9933700561523438
mapped_signed_split_net0,4.519837856292725,above,0.5510878562927246
mapped_signed_split_net0,8.358038902282715,above,4.389288902282715
mapped_signed_split_net0,-10.94528865814209,below,6.94528865814209
mapped_signed_split_net0,4.993370056152344,above,1.0246200561523438
mapped_signed_split_net0,-4.519837856292725,below,0.5198378562927246
mapped_signed_split_net0,-8.358038902282715,below,4.358038902282715
mapped_signed_split_net0,-4.93062686920166,below,0.9306268692016602
mapped_signed_split_net0,4.93062686920166,above,0.9618768692016602
mapped_signed_split_net0,7.036466598510742,above,3.067716598510742
mapped_signed_split_net0,40.63956832885742,above,36.67081832885742
mapped_signed_split_net0,-7.036466598510742,below,3.036466598510742
mapped_signed_split_net0,-40.63956832885742,below,36.63956832885742
mapped_signed_split_net0,4.4417948722839355,above,0.47304487228393555
mapped_signed_split_net0,8.286251068115234,above,4.317501068115234
mapped_signed_split_net0,19.657522201538086,above,15.688772201538086
mapped_signed_split_net0,-4.4417948722839355,below,0.44179487228393555
mapped_signed_split_net0,-8.286251068115234,below,4.286251068115234
mapped_signed_split_net0,-19.657522201538086,below,15.657522201538086
mapped_signed_split_net0,6.249220371246338,above,2.280470371246338
mapped_signed_split_net0,-6.249220371246338,below,2.249220371246338
mapped_signed_split_net0,-4.176444053649902,below,0.17644405364990234
mapped_signed_split_net0,4.176444053649902,above,0.20769405364990234
mapped_signed_split_net0,-8.101612091064453,below,4.101612091064453
mapped_signed_split_net0,4.523303031921387,above,0.5545530319213867
mapped_signed_split_net0,8.101612091064453,above,4.132862091064453
mapped_signed_split_net0,-4.523303031921387,below,0.5233030319213867
mapped_signed_split_net0,4.183447360992432,above,0.21469736099243164
mapped_signed_split_net0,-4.183447360992432,below,0.18344736099243164
mapped_signed_split_net0,4.320556640625,above,0.351806640625
mapped_signed_split_net0,-4.010949611663818,below,0.01094961166381836
mapped_signed_split_net0,-4.320556640625,below,0.320556640625
mapped_signed_split_net0,4.010949611663818,above,0.04219961166381836
mapped_signed_split_net0,-4.749179363250732,below,0.7491793632507324
mapped_signed_split_net0,-5.31395959854126,below,1.3139595985412598
mapped_signed_split_net0,4.733860969543457,above,0.765110969543457
mapped_signed_split_net0,-4.147069454193115,below,0.14706945419311523
mapped_signed_split_net0,4.749179363250732,above,0.7804293632507324
mapped_signed_split_net0,5.31395959854126,above,1.3452095985412598
mapped_signed_split_net0,-4.733860969543457,below,0.733860969543457
mapped_signed_split_net0,4.147069454193115,above,0.17831945419311523
mapped_signed_split_net0,4.3039140701293945,above,0.33516407012939453
mapped_signed_split_net0,-4.3039140701293945,below,0.30391407012939453
mapped_signed_split_net0,10.863829612731934,above,6.895079612731934
mapped_signed_split_net0,7.686494827270508,above,3.717744827270508
mapped_signed_split_net0,-10.863829612731934,below,6.863829612731934
mapped_signed_split_net0,-7.686494827270508,below,3.686494827270508
mapped_signed_split_net0,4.192708492279053,above,0.22395849227905273
mapped_signed_split_net0,4.232475757598877,above,0.26372575759887695
mapped_signed_split_net0,6.367697715759277,above,2.3989477157592773
mapped_signed_split_net0,-4.192708492279053,below,0.19270849227905273
mapped_signed_split_net0,-4.232475757598877,below,0.23247575759887695
mapped_signed_split_net0,-6.367697715759277,below,2.3676977157592773
mapped_signed_split_net0,8.293996810913086,above,4.325246810913086
mapped_signed_split_net0,-8.293996810913086,below,4.293996810913086
mapped_signed_split_net0,4.796677112579346,above,0.8279271125793457
mapped_signed_split_net0,5.348795413970947,above,1.3800454139709473
mapped_signed_split_net0,-4.796677112579346,below,0.7966771125793457
mapped_signed_split_net0,-5.348795413970947,below,1.3487954139709473
mapped_signed_split_net0,-4.334116458892822,below,0.33411645889282227
mapped_signed_split_net0,-6.162123680114746,below,2.162123680114746
mapped_signed_split_net0,4.334116458892822,above,0.36536645889282227
mapped_signed_split_net0,6.162123680114746,above,2.193373680114746
mapped_signed_split_net0,5.37318229675293,above,1.4044322967529297
mapped_signed_split_net0,-5.37318229675293,below,1.3731822967529297
mapped_signed_split_net0,-4.293725967407227,below,0.29372596740722656
mapped_signed_split_net0,8.134183883666992,above,4.165433883666992
mapped_signed_split_net0,4.988081932067871,above,1.019331932067871
mapped_signed_split_net0,4.293725967407227,above,0.32497596740722656
mapped_signed_split_net0,-8.134183883666992,below,4.134183883666992
mapped_signed_split_net0,-4.988081932067871,below,0.9880819320678711
mapped_signed_split_net0,5.3755598068237305,above,1.4068098068237305
mapped_signed_split_net0,-5.3755598068237305,below,1.3755598068237305
mapped_signed_split_net0,-5.018261909484863,below,1.0182619094848633
mapped_signed_split_net0,5.474524974822998,above,1.505774974822998
mapped_signed_split_net0,5.018261909484863,above,1.0495119094848633
mapped_signed_split_net0,-5.474524974822998,below,1.474524974822998
mapped_signed_split_net0,-9.143275260925293,below,5.143275260925293
mapped_signed_split_net0,-4.143890380859375,below,0.143890380859375
mapped_signed_split_net0,-22.06068229675293,below,18.06068229675293
mapped_signed_split_net0,9.143275260925293,above,5.174525260925293
mapped_signed_split_net0,4.143890380859375,above,0.175140380859375
mapped_signed_split_net0,22.06068229675293,above,18.09193229675293
mapped_signed_split_net0,4.628599166870117,above,0.6598491668701172
mapped_signed_split_net0,-5.934025287628174,below,1.9340252876281738
mapped_signed_split_net0,-4.628599166870117,below,0.6285991668701172
mapped_signed_split_net0,5.934025287628174,above,1.9652752876281738
mapped_signed_split_net0,-5.3348774909973145,below,1.3348774909973145
mapped_signed_split_net0,6.254416465759277,above,2.2856664657592773
mapped_signed_split_net0,-4.284957408905029,below,0.2849574089050293
mapped_signed_split_net0,5.3348774909973145,above,1.3661274909973145
mapped_signed_split_net0,-6.254416465759277,below,2.2544164657592773
mapped_signed_split_net0,4.284957408905029,above,0.3162074089050293
mapped_signed_split_net0,-7.530856132507324,below,3.530856132507324
mapped_signed_split_net0,-4.168933391571045,below,0.16893339157104492
mapped_signed_split_net0,7.530856132507324,above,3.562106132507324
mapped_signed_split_net0,4.168933391571045,above,0.20018339157104492
mapped_signed_split_net0,-4.955428123474121,below,0.9554281234741211
mapped_signed_split_net0,4.955428123474121,above,0.9866781234741211
mapped_signed_split_net0,-4.072249889373779,below,0.0722498893737793
mapped_signed_split_net0,4.072249889373779,above,0.1034998893737793
mapped_signed_split_net0,-4.660045146942139,below,0.6600451469421387
mapped_signed_split_net0,4.660045146942139,above,0.6912951469421387
mapped_signed_split_net0,8.948203086853027,above,4.979453086853027
mapped_signed_split_net0,-8.948203086853027,below,4.948203086853027
mapped_signed_split_net0,5.468025207519531,above,1.4992752075195312
mapped_signed_split_net0,3.98811674118042,above,0.019366741180419922
mapped_signed_split_net0,-5.468025207519531,below,1.4680252075195312
mapped_signed_split_net0,-11.623678207397461,below,7.623678207397461
mapped_signed_split_net0,11.623678207397461,above,7.654928207397461
mapped_signed_split_net0,4.20205020904541,above,0.23330020904541016
mapped_signed_split_net0,-4.20205020904541,below,0.20205020904541016
mapped_signed_split_net0,4.830505847930908,above,0.8617558479309082
mapped_signed_split_net0,4.420223236083984,above,0.4514732360839844
mapped_signed_split_net0,6.278757095336914,above,2.310007095336914
mapped_signed_split_net0,-10.779528617858887,below,6.779528617858887
mapped_signed_split_net0,-4.830505847930908,below,0.8305058479309082
mapped_signed_split_net0,-4.420223236083984,below,0.4202232360839844
mapped_signed_split_net0,-6.278757095336914,below,2.278757095336914
mapped_signed_split_net0,10.779528617858887,above,6.810778617858887
mapped_signed_split_net0,13.867073059082031,above,9.898323059082031
mapped_signed_split_net0,-13.867073059082031,below,9.867073059082031
mapped_signed_split_net0,5.205150127410889,above,1.2364001274108887
mapped_signed_split_net0,-5.205150127410889,below,1.2051501274108887
mapped_signed_split_net0,6.618099212646484,above,2.6493492126464844
mapped_signed_split_net0,-6.618099212646484,below,2.6180992126464844
mapped_signed_split_net0,4.911859035491943,above,0.9431090354919434
mapped_signed_split_net0,-20.397172927856445,below,16.397172927856445
mapped_signed_split_net0,-13.00826644897461,below,9.00826644897461
mapped_signed_split_net0,-4.911859035491943,below,0.9118590354919434
mapped_signed_split_net0,20.397172927856445,above,16.428422927856445
mapped_signed_split_net0,13.00826644897461,above,9.03951644897461
mapped_signed_split_net0,4.900454521179199,above,0.9317045211791992
mapped_signed_split_net0,-4.900454521179199,below,0.9004545211791992
mapped_signed_split_net0,-5.8699774742126465,below,1.8699774742126465
mapped_signed_split_net0,5.8699774742126465,above,1.9012274742126465
mapped_signed_split_net0,4.14815616607666,above,0.17940616607666016
mapped_signed_split_net0,-7.248702526092529,below,3.2487025260925293
mapped_signed_split_net0,-8.573838233947754,below,4.573838233947754
mapped_signed_split_net0,-5.333999156951904,below,1.3339991569519043
mapped_signed_split_net0,-4.14815616607666,below,0.14815616607666016
mapped_signed_split_net0,7.248702526092529,above,3.2799525260925293
mapped_signed_split_net0,8.573838233947754,above,4.605088233947754
mapped_signed_split_net0,5.333999156951904,above,1.3652491569519043
mapped_signed_split_net0,-4.355502605438232,below,0.3555026054382324
mapped_signed_split_net0,5.43337345123291,above,1.4646234512329102
mapped_signed_split_net0,8.044968605041504,above,4.076218605041504
mapped_signed_split_net0,-9.06165885925293,below,5.06165885925293
mapped_signed_split_net0,4.355502605438232,above,0.3867526054382324
mapped_signed_split_net0,-5.43337345123291,below,1.4333734512329102
mapped_signed_split_net0,-8.044968605041504,below,4.044968605041504
mapped_signed_split_net0,9.06165885925293,above,5.09290885925293
mapped_signed_split_net0,-4.069241523742676,below,0.06924152374267578
mapped_signed_split_net0,4.069241523742676,above,0.10049152374267578
mapped_signed_split_net0,5.9507317543029785,above,1.9819817543029785
mapped_signed_split_net0,-5.9507317543029785,below,1.9507317543029785
mapped_signed_split_net0,-15.162776947021484,below,11.162776947021484
mapped_signed_split_net0,15.162776947021484,above,11.194026947021484
mapped_signed_split_net0,4.314452171325684,above,0.3457021713256836
mapped_signed_split_net0,-4.314452171325684,below,0.3144521713256836
mapped_signed_split_net0,4.126711845397949,above,0.15796184539794922
mapped_signed_split_net0,-4.579782485961914,below,0.5797824859619141
mapped_signed_split_net0,-4.669137477874756,below,0.6691374778747559
mapped_signed_split_net0,-4.126711845397949,below,0.12671184539794922
mapped_signed_split_net0,4.579782485961914,above,0.6110324859619141
mapped_signed_split_net0,4.669137477874756,above,0.7003874778747559
mapped_signed_split_net0,13.501004219055176,above,9.532254219055176
mapped_signed_split_net0,-6.1276469230651855,below,2.1276469230651855
mapped_signed_split_net0,-13.501004219055176,below,9.501004219055176
mapped_signed_split_net0,6.1276469230651855,above,2.1588969230651855
mapped_signed_split_net0,7.615314483642578,above,3.646564483642578
mapped_signed_split_net0,5.275118350982666,above,1.306368350982666
mapped_signed_split_net0,-7.615314483642578,below,3.615314483642578
mapped_signed_split_net0,-5.275118350982666,below,1.275118350982666
mapped_signed_split_net0,23.88357925415039,above,19.91482925415039
mapped_signed_split_net0,-23.88357925415039,below,19.88357925415039
mapped_signed_split_net0,7.387890338897705,above,3.419140338897705
mapped_signed_split_net0,5.915506362915039,above,1.946756362915039
mapped_signed_split_net0,-5.068475246429443,below,1.0684752464294434
mapped_signed_split_net0,-7.387890338897705,below,3.387890338897705
mapped_signed_split_net0,-5.915506362915039,below,1.915506362915039
mapped_signed_split_net0,5.068475246429443,above,1.0997252464294434
mapped_signed_split_net0,10.097185134887695,above,6.128435134887695
mapped_signed_split_net0,7.4967122077941895,above,3.5279622077941895
mapped_signed_split_net0,-10.097185134887695,below,6.097185134887695
mapped_signed_split_net0,-7.4967122077941895,below,3.4967122077941895
mapped_signed_split_net0,-5.399158000946045,below,1.399158000946045
mapped_signed_split_net0,12.804666519165039,above,8.835916519165039
mapped_signed_split_net0,4.206779479980469,above,0.23802947998046875
mapped_signed_split_net0,4.12528657913208,above,0.15653657913208008
mapped_signed_split_net0,5.399158000946045,above,1.430408000946045
mapped_signed_split_net0,-12.804666519165039,below,8.804666519165039
mapped_signed_split_net0,-4.206779479980469,below,0.20677947998046875
mapped_signed_split_net0,-4.12528657913208,below,0.12528657913208008
mapped_signed_split_net0,6.8415985107421875,above,2.8728485107421875
mapped_signed_split_net0,-6.8415985107421875,below,2.8415985107421875
mapped_signed_split_net0,5.151851654052734,above,1.1831016540527344
mapped_signed_split_net0,-5.151851654052734,below,1.1518516540527344
mapped_signed_split_net0,-4.4601616859436035,below,0.4601616859436035
mapped_signed_split_net0,6.826943397521973,above,2.8581933975219727
mapped_signed_split_net0,-6.28358793258667,below,2.28358793258667
mapped_signed_split_net0,4.4601616859436035,above,0.4914116859436035
mapped_signed_split_net0,-6.826943397521973,below,2.8269433975219727
mapped_signed_split_net0,6.28358793258667,above,2.31483793258667
mapped_signed_split_net0,3.992347240447998,above,0.023597240447998047
mapped_signed_split_net0,17.693552017211914,above,13.724802017211914
mapped_signed_split_net0,5.378113746643066,above,1.4093637466430664
mapped_signed_split_net0,-8.117053031921387,below,4.117053031921387
mapped_signed_split_net0,-17.693552017211914,below,13.693552017211914
mapped_signed_split_net0,-5.378113746643066,below,1.3781137466430664
mapped_signed_split_net0,8.117053031921387,above,4.148303031921387
mapped_signed_split_net0,-8.340343475341797,below,4.340343475341797
mapped_signed_split_net0,8.340343475341797,above,4.371593475341797
mapped_signed_split_net0,-4.484618663787842,below,0.4846186637878418
mapped_signed_split_net0,-10.263922691345215,below,6.263922691345215
mapped_signed_split_net0,-7.144904136657715,below,3.144904136657715
mapped_signed_split_net0,4.484618663787842,above,0.5158686637878418
mapped_signed_split_net0,10.263922691345215,above,6.295172691345215
mapped_signed_split_net0,3.976231813430786,above,0.007481813430786133
mapped_signed_split_net0,7.144904136657715,above,3.176154136657715
mapped_signed_split_net0,-9.151294708251953,below,5.151294708251953
mapped_signed_split_net0,10.035614013671875,above,6.066864013671875
mapped_signed_split_net0,-4.00152587890625,below,0.00152587890625
mapped_signed_split_net0,4.538115978240967,above,0.5693659782409668
mapped_signed_split_net0,9.151294708251953,above,5.182544708251953
mapped_signed_split_net0,-10.035614013671875,below,6.035614013671875
mapped_signed_split_net0,4.00152587890625,above,0.03277587890625
mapped_signed_split_net0,-4.538115978240967,below,0.5381159782409668
mapped_signed_split_net0,5.767070770263672,above,1.7983207702636719
mapped_signed_split_net0,-5.767070770263672,below,1.7670707702636719
mapped_signed_split_net0,4.544111251831055,above,0.5753612518310547
mapped_signed_split_net0,-4.863247871398926,below,0.8632478713989258
mapped_signed_split_net0,-8.782708168029785,below,4.782708168029785
mapped_signed_split_net0,-4.544111251831055,below,0.5441112518310547
mapped_signed_split_net0,4.863247871398926,above,0.8944978713989258
mapped_signed_split_net0,8.782708168029785,above,4.813958168029785
mapped_signed_split_net0,-7.9594879150390625,below,3.9594879150390625
mapped_signed_split_net0,21.143856048583984,above,17.175106048583984
mapped_signed_split_net0,7.9594879150390625,above,3.9907379150390625
mapped_signed_split_net0,-21.143856048583984,below,17.143856048583984
mapped_signed_split_net0,-4.374445915222168,below,0.37444591522216797
mapped_signed_split_net0,-4.2039666175842285,below,0.20396661758422852
mapped_signed_split_net0,7.2440900802612305,above,3.2753400802612305
mapped_signed_split_net0,-5.7341203689575195,below,1.7341203689575195
mapped_signed_split_net0,4.374445915222168,above,0.40569591522216797
mapped_signed_split_net0,4.2039666175842285,above,0.23521661758422852
mapped_signed_split_net0,-7.2440900802612305,below,3.2440900802612305
mapped_signed_split_net0,5.7341203689575195,above,1.7653703689575195
mapped_signed_split_net0,-11.38496208190918,below,7.38496208190918
mapped_signed_split_net0,11.38496208190918,above,7.41621208190918
mapped_signed_split_net0,14.320754051208496,above,10.352004051208496
mapped_signed_split_net0,-14.320754051208496,below,10.320754051208496
mapped_signed_split_net0,6.919681549072266,above,2.9509315490722656
mapped_signed_split_net0,-8.50285816192627,below,4.5028581619262695
mapped_signed_split_net0,-6.919681549072266,below,2.9196815490722656
mapped_signed_split_net0,8.50285816192627,above,4.5341081619262695
mapped_signed_split_net0,4.725521087646484,above,0.7567710876464844
mapped_signed_split_net0,-4.725521087646484,below,0.7255210876464844
mapped_signed_split_net0,4.171252727508545,above,0.20250272750854492
mapped_signed_split_net0,-5.548945903778076,below,1.5489459037780762
mapped_signed_split_net0,-4.171252727508545,below,0.17125272750854492
mapped_signed_split_net0,5.548945903778076,above,1.5801959037780762
mapped_signed_split_net0,-4.650853633880615,below,0.6508536338806152
mapped_signed_split_net0,4.650853633880615,above,0.6821036338806152
mapped_signed_split_net0,-4.325824737548828,below,0.3258247375488281
mapped_signed_split_net0,5.562235355377197,above,1.5934853553771973
mapped_signed_split_net0,3.9790656566619873,above,0.010315656661987305
mapped_signed_split_net0,4.325824737548828,above,0.3570747375488281
mapped_signed_split_net0,-5.562235355377197,below,1.5622353553771973
mapped_signed_split_net0,4.784826755523682,above,0.8160767555236816
mapped_signed_split_net0,-4.784826755523682,below,0.7848267555236816
mapped_signed_split_net0,-11.086918830871582,below,7.086918830871582
mapped_signed_split_net0,7.599524974822998,above,3.630774974822998
mapped_signed_split_net0,7.249387741088867,above,3.280637741088867
mapped_signed_split_net0,11.086918830871582,above,7.118168830871582
mapped_signed_split_net0,-7.599524974822998,below,3.599524974822998
mapped_signed_split_net0,-7.249387741088867,below,3.249387741088867
mapped_signed_split_net0,-6.3874192237854,below,2.3874192237854004
mapped_signed_split_net0,9.556695938110352,above,5.587945938110352
mapped_signed_split_net0,6.355581283569336,above,2.386831283569336
mapped_signed_split_net0,6.3874192237854,above,2.4186692237854004
mapped_signed_split_net0,-9.556695938110352,below,5.556695938110352
mapped_signed_split_net0,-6.355581283569336,below,2.355581283569336
mapped_signed_split_net0,-4.079804420471191,below,0.0798044204711914
mapped_signed_split_net0,4.086138725280762,above,0.11738872528076172
mapped_signed_split_net0,4.079804420471191,above,0.1110544204711914
mapped_signed_split_net0,-4.086138725280762,below,0.08613872528076172
mapped_signed_split_net0,-4.033121109008789,below,0.03312110900878906
mapped_signed_split_net0,-6.122783184051514,below,2.1227831840515137
mapped_signed_split_net0,5.073270320892334,above,1.104520320892334
mapped_signed_split_net0,4.033121109008789,above,0.06437110900878906
mapped_signed_split_net0,6.122783184051514,above,2.1540331840515137
mapped_signed_split_net0,-5.073270320892334,below,1.073270320892334
mapped_signed_split_net0,-4.257753849029541,below,0.257753849029541
mapped_signed_split_net0,-4.348817825317383,below,0.3488178253173828
mapped_signed_split_net0,-6.62620735168457,below,2.6262073516845703
mapped_signed_split_net0,4.257753849029541,above,0.289003849029541
mapped_signed_split_net0,4.348817825317383,above,0.3800678253173828
mapped_signed_split_net0,6.62620735168457,above,2.6574573516845703
mapped_signed_split_net0,6.264590263366699,above,2.295840263366699
mapped_signed_split_net0,-6.264590263366699,below,2.264590263366699
mapped_signed_split_net0,-4.765816688537598,below,0.7658166885375977
mapped_signed_split_net0,4.765816688537598,above,0.7970666885375977
mapped_signed_split_net0,-4.782047748565674,below,0.7820477485656738
mapped_signed_split_net0,4.782047748565674,above,0.8132977485656738
mapped_signed_split_net0,14.758837699890137,above,10.790087699890137
mapped_signed_split_net0,-14.758837699890137,below,10.758837699890137
mapped_signed_split_net0,-4.980987548828125,below,0.980987548828125
mapped_signed_split_net0,-7.23524284362793,below,3.2352428436279297
mapped_signed_split_net0,-5.905960559844971,below,1.9059605598449707
mapped_signed_split_net0,4.980987548828125,above,1.012237548828125
mapped_signed_split_net0,7.23524284362793,above,3.2664928436279297
mapped_signed_split_net0,5.905960559844971,above,1.9372105598449707
mapped_signed_split_net0,4.31684684753418,above,0.3480968475341797
mapped_signed_split_net0,-8.138161659240723,below,4.138161659240723
mapped_signed_split_net0,-4.31684684753418,below,0.3168468475341797
mapped_signed_split_net0,8.138161659240723,above,4.169411659240723
mapped_signed_split_net0,6.02559232711792,above,2.05684232711792
mapped_signed_split_net0,-6.02559232711792,below,2.02559232711792
mapped_signed_split_net0,-4.107306003570557,below,0.10730600357055664
mapped_signed_split_net0,-4.5660929679870605,below,0.5660929679870605
mapped_signed_split_net0,4.107306003570557,above,0.13855600357055664
mapped_signed_split_net0,4.5660929679870605,above,0.5973429679870605
mapped_signed_split_net0,7.160857677459717,above,3.192107677459717
mapped_signed_split_net0,-7.160857677459717,below,3.160857677459717
mapped_signed_split_net0,21.55100440979004,above,17.58225440979004
mapped_signed_split_net0,11.4058837890625,above,7.4371337890625
mapped_signed_split_net0,-15.682232856750488,below,11.682232856750488
mapped_signed_split_net0,-21.55100440979004,below,17.55100440979004
mapped_signed_split_net0,-11.4058837890625,below,7.4058837890625
mapped_signed_split_net0,15.682232856750488,above,11.713482856750488
mapped_signed_split_net0,-5.136139869689941,below,1.1361398696899414
mapped_signed_split_net0,-5.610618591308594,below,1.6106185913085938
mapped_signed_split_net0,5.136139869689941,above,1.1673898696899414
mapped_signed_split_net0,5.610618591308594,above,1.6418685913085938
mapped_signed_split_net0,11.96119213104248,above,7.9924421310424805
mapped_signed_split_net0,-11.96119213104248,below,7.9611921310424805
mapped_signed_split_net0,-4.846420764923096,below,0.8464207649230957
mapped_signed_split_net0,4.3601226806640625,above,0.3913726806640625
mapped_signed_split_net0,4.846420764923096,above,0.8776707649230957
mapped_signed_split_net0,-4.3601226806640625,below,0.3601226806640625
mapped_signed_split_net0,4.081993103027344,above,0.11324310302734375
mapped_signed_split_net0,4.420224666595459,above,0.451474666595459
mapped_signed_split_net0,4.863215446472168,above,0.894465446472168
mapped_signed_split_net0,-4.555575847625732,below,0.5555758476257324
mapped_signed_split_net0,-4.081993103027344,below,0.08199310302734375
mapped_signed_split_net0,-4.420224666595459,below,0.420224666595459
mapped_signed_split_net0,-4.863215446472168,below,0.863215446472168
mapped_signed_split_net0,4.555575847625732,above,0.5868258476257324
mapped_signed_split_net0,4.755099773406982,above,0.7863497734069824
mapped_signed_split_net0,-5.2193922996521,below,1.2193922996520996
mapped_signed_split_net0,-5.383951663970947,below,1.3839516639709473
mapped_signed_split_net0,-5.939373970031738,below,1.9393739700317383
mapped_signed_split_net0,4.992546558380127,above,1.023796558380127
mapped_signed_split_net0,-4.755099773406982,below,0.7550997734069824
mapped_signed_split_net0,5.2193922996521,above,1.2506422996520996
mapped_signed_split_net0,5.383951663970947,above,1.4152016639709473
mapped_signed_split_net0,5.939373970031738,above,1.9706239700317383
mapped_signed_split_net0,-4.992546558380127,below,0.992546558380127
mapped_signed_split_net0,-4.994842529296875,below,0.994842529296875
mapped_signed_split_net0,7.073793411254883,above,3.105043411254883
mapped_signed_split_net0,6.633120536804199,above,2.664370536804199
mapped_signed_split_net0,4.994842529296875,above,1.026092529296875
mapped_signed_split_net0,-7.073793411254883,below,3.073793411254883
mapped_signed_split_net0,-6.633120536804199,below,2.633120536804199
mapped_signed_split_net0,4.331885814666748,above,0.36313581466674805
mapped_signed_split_net0,-9.835636138916016,below,5.835636138916016
mapped_signed_split_net0,-4.331885814666748,below,0.33188581466674805
mapped_signed_split_net0,9.835636138916016,above,5.866886138916016
mapped_signed_split_net0,5.929868221282959,above,1.961118221282959
mapped_signed_split_net0,-6.199418544769287,below,2.199418544769287
mapped_signed_split_net0,-5.929868221282959,below,1.929868221282959
mapped_signed_split_net0,6.199418544769287,above,2.230668544769287
mapped_signed_split_net0,-5.003785133361816,below,1.0037851333618164
mapped_signed_split_net0,5.003785133361816,above,1.0350351333618164
mapped_signed_split_net0,4.95626163482666,above,0.9875116348266602
mapped_signed_split_net0,-4.95626163482666,below,0.9562616348266602
mapped_signed_split_net0,12.521714210510254,above,8.552964210510254
mapped_signed_split_net0,-12.521714210510254,below,8.521714210510254
mapped_signed_split_net0,-4.6931681632995605,below,0.6931681632995605
mapped_signed_split_net0,-5.065471172332764,below,1.0654711723327637
mapped_signed_split_net0,4.6931681632995605,above,0.7244181632995605
mapped_signed_split_net0,5.065471172332764,above,1.0967211723327637
mapped_signed_split_net0,-4.949721813201904,below,0.9497218132019043
mapped_signed_split_net0,4.949721813201904,above,0.9809718132019043
mapped_signed_split_net0,5.568936347961426,above,1.6001863479614258
mapped_signed_split_net0,13.079070091247559,above,9.110320091247559
mapped_signed_split_net0,-5.568936347961426,below,1.5689363479614258
mapped_signed_split_net0,3.986128330230713,above,0.01737833023071289
mapped_signed_split_net0,-13.079070091247559,below,9.079070091247559
mapped_signed_split_net0,15.995853424072266,above,12.027103424072266
mapped_signed_split_net0,-15.995853424072266,below,11.995853424072266
mapped_signed_split_net0,-4.006012439727783,below,0.006012439727783203
mapped_signed_split_net0,4.006012439727783,above,0.0372624397277832
mapped_signed_split_net0,17.551822662353516,above,13.583072662353516
mapped_signed_split_net0,-17.551822662353516,below,13.551822662353516
mapped_signed_split_net0,5.433841228485107,above,1.4650912284851074
mapped_signed_split_net0,-5.433841228485107,below,1.4338412284851074
mapped_signed_split_net0,19.631752014160156,above,15.663002014160156
mapped_signed_split_net0,7.474246025085449,above,3.505496025085449
mapped_signed_split_net0,-5.28922700881958,below,1.28922700881958
mapped_signed_split_net0,7.827814102172852,above,3.8590641021728516
mapped_signed_split_net0,-19.631752014160156,below,15.631752014160156
mapped_signed_split_net0,-7.474246025085449,below,3.474246025085449
mapped_signed_split_net0,5.28922700881958,above,1.32047700881958
mapped_signed_split_net0,-7.827814102172852,below,3.8278141021728516
mapped_signed_split_net0,3.97589111328125,above,0.00714111328125
mapped_signed_split_net0,-11.796438217163086,below,7.796438217163086
mapped_signed_split_net0,11.796438217163086,above,7.827688217163086
mapped_signed_split_net0,4.099590301513672,above,0.13084030151367188
mapped_signed_split_net0,-4.099590301513672,below,0.09959030151367188
mapped_signed_split_net0,-4.21825647354126,below,0.21825647354125977
mapped_signed_split_net0,-4.889133930206299,below,0.8891339302062988
mapped_signed_split_net0,-9.477002143859863,below,5.477002143859863
mapped_signed_split_net0,4.21825647354126,above,0.24950647354125977
mapped_signed_split_net0,4.889133930206299,above,0.9203839302062988
mapped_signed_split_net0,9.477002143859863,above,5.508252143859863
mapped_signed_split_net0,4.533135890960693,above,0.5643858909606934
mapped_signed_split_net0,4.657402992248535,above,0.6886529922485352
mapped_signed_split_net0,-4.533135890960693,below,0.5331358909606934
mapped_signed_split_net0,-4.657402992248535,below,0.6574029922485352
mapped_signed_split_net0,-4.804601192474365,below,0.8046011924743652
mapped_signed_split_net0,4.804601192474365,above,0.8358511924743652
mapped_signed_split_net0,-9.763636589050293,below,5.763636589050293
mapped_signed_split_net0,19.97064781188965,above,16.00189781188965
mapped_signed_split_net0,5.25115966796875,above,1.28240966796875
mapped_signed_split_net0,-5.569566249847412,below,1.569566249847412
mapped_signed_split_net0,-6.826312065124512,below,2.8263120651245117
mapped_signed_split_net0,9.763636589050293,above,5.794886589050293
mapped_signed_split_net0,-19.97064781188965,below,15.970647811889648
mapped_signed_split_net0,-5.25115966796875,below,1.25115966796875
mapped_signed_split_net0,5.569566249847412,above,1.600816249847412
mapped_signed_split_net0,6.826312065124512,above,2.8575620651245117
mapped_signed_split_net0,-4.2360944747924805,below,0.23609447479248047
mapped_signed_split_net0,4.518991947174072,above,0.5502419471740723
mapped_signed_split_net0,4.395197868347168,above,0.42644786834716797
mapped_signed_split_net0,6.316469192504883,above,2.347719192504883
mapped_signed_split_net0,4.424407482147217,above,0.4556574821472168
mapped_signed_split_net0,4.2360944747924805,above,0.26734447479248047
mapped_signed_split_net0,-4.518991947174072,below,0.5189919471740723
mapped_signed_split_net0,-4.395197868347168,below,0.39519786834716797
mapped_signed_split_net0,-6.316469192504883,below,2.316469192504883
mapped_signed_split_net0,-4.424407482147217,below,0.4244074821472168
mapped_signed_split_net0,-9.241904258728027,below,5.241904258728027
mapped_signed_split_net0,-10.951228141784668,below,6.951228141784668
mapped_signed_split_net0,9.241904258728027,above,5.273154258728027
mapped_signed_split_net0,10.951228141784668,above,6.982478141784668
mapped_signed_split_net0,-7.368444919586182,below,3.3684449195861816
mapped_signed_split_net0,7.368444919586182,above,3.3996949195861816
mapped_signed_split_net0,5.90896463394165,above,1.9402146339416504
mapped_signed_split_net0,5.026571273803711,above,1.057821273803711
mapped_signed_split_net0,-5.90896463394165,below,1.9089646339416504
mapped_signed_split_net0,-5.026571273803711,below,1.026571273803711
mapped_signed_split_net0,-9.90807819366455,below,5.908078193664551
mapped_signed_split_net0,-4.545026779174805,below,0.5450267791748047
mapped_signed_split_net0,9.90807819366455,above,5.939328193664551
mapped_signed_split_net0,4.545026779174805,above,0.5762767791748047
mapped_signed_split_net0,5.89594030380249,above,1.9271903038024902
mapped_signed_split_net0,-5.89594030380249,below,1.8959403038024902
mapped_signed_split_net0,6.019913196563721,above,2.0511631965637207
mapped_signed_split_net0,-7.273706436157227,below,3.2737064361572266
mapped_signed_split_net0,-6.019913196563721,below,2.0199131965637207
mapped_signed_split_net0,7.273706436157227,above,3.3049564361572266
mapped_signed_split_net0,7.628660678863525,above,3.6599106788635254
mapped_signed_split_net0,-7.628660678863525,below,3.6286606788635254
mapped_signed_split_net0,-4.194228172302246,below,0.1942281723022461
mapped_signed_split_net0,5.260316848754883,above,1.2915668487548828
mapped_signed_split_net0,-4.801090240478516,below,0.8010902404785156
mapped_signed_split_net0,4.354736328125,above,0.385986328125
mapped_signed_split_net0,-4.098231792449951,below,0.09823179244995117
mapped_signed_split_net0,4.194228172302246,above,0.2254781723022461
mapped_signed_split_net0,-5.260316848754883,below,1.2603168487548828
mapped_signed_split_net0,4.801090240478516,above,0.8323402404785156
mapped_signed_split_net0,-4.354736328125,below,0.354736328125
mapped_signed_split_net0,4.098231792449951,above,0.12948179244995117
mapped_signed_split_net0,-7.6740217208862305,below,3.6740217208862305
mapped_signed_split_net0,5.346826553344727,above,1.3780765533447266
mapped_signed_split_net0,-4.496176242828369,below,0.49617624282836914
mapped_signed_split_net0,-9.498427391052246,below,5.498427391052246
mapped_signed_split_net0,4.289041996002197,above,0.32029199600219727
mapped_signed_split_net0,-16.175823211669922,below,12.175823211669922
mapped_signed_split_net0,7.6740217208862305,above,3.7052717208862305
mapped_signed_split_net0,-5.346826553344727,below,1.3468265533447266
mapped_signed_split_net0,4.496176242828369,above,0.5274262428283691
mapped_signed_split_net0,9.498427391052246,above,5.529677391052246
mapped_signed_split_net0,-4.289041996002197,below,0.28904199600219727
mapped_signed_split_net0,16.175823211669922,above,12.207073211669922
mapped_signed_split_net0,5.780430316925049,above,1.8116803169250488
mapped_signed_split_net0,-10.466499328613281,below,6.466499328613281
mapped_signed_split_net0,-9.330562591552734,below,5.330562591552734
mapped_signed_split_net0,-5.780430316925049,below,1.7804303169250488
mapped_signed_split_net0,10.466499328613281,above,6.497749328613281
mapped_signed_split_net0,9.330562591552734,above,5.361812591552734
mapped_signed_split_net0,-10.025777816772461,below,6.025777816772461
mapped_signed_split_net0,10.025777816772461,above,6.057027816772461
mapped_signed_split_net0,-21.883193969726562,below,17.883193969726562
mapped_signed_split_net0,21.883193969726562,above,17.914443969726562
mapped_signed_split_net0,4.588114261627197,above,0.6193642616271973
mapped_signed_split_net0,-14.845662117004395,below,10.845662117004395
mapped_signed_split_net0,6.253559112548828,above,2.284809112548828
mapped_signed_split_net0,-5.128846168518066,below,1.1288461685180664
mapped_signed_split_net0,7.811877250671387,above,3.8431272506713867
mapped_signed_split_net0,-5.07321310043335,below,1.0732131004333496
mapped_signed_split_net0,-4.588114261627197,below,0.5881142616271973
mapped_signed_split_net0,14.845662117004395,above,10.876912117004395
mapped_signed_split_net0,-6.253559112548828,below,2.253559112548828
mapped_signed_split_net0,5.128846168518066,above,1.1600961685180664
mapped_signed_split_net0,-7.811877250671387,below,3.8118772506713867
mapped_signed_split_net0,5.07321310043335,above,1.1044631004333496
mapped_signed_split_net0,-10.188146591186523,below,6.188146591186523
mapped_signed_split_net0,10.188146591186523,above,6.219396591186523
mapped_signed_split_net0,6.647541046142578,above,2.678791046142578
mapped_signed_split_net0,8.850910186767578,above,4.882160186767578
mapped_signed_split_net0,-6.647541046142578,below,2.647541046142578
mapped_signed_split_net0,-8.850910186767578,below,4.850910186767578
mapped_signed_split_net0,-4.288996696472168,below,0.28899669647216797
mapped_signed_split_net0,4.288996696472168,above,0.32024669647216797
mapped_signed_split_net0,-4.7564005851745605,below,0.7564005851745605
mapped_signed_split_net0,4.736543655395508,above,0.7677936553955078
mapped_signed_split_net0,4.861997127532959,above,0.893247127532959
mapped_signed_split_net0,4.7564005851745605,above,0.7876505851745605
mapped_signed_split_net0,-4.736543655395508,below,0.7365436553955078
mapped_signed_split_net0,-4.861997127532959,below,0.861997127532959
mapped_signed_split_net0,-6.659129619598389,below,2.6591296195983887
mapped_signed_split_net0,6.659129619598389,above,2.6903796195983887
mapped_signed_split_net0,-4.031390190124512,below,0.03139019012451172
mapped_signed_split_net0,4.031390190124512,above,0.06264019012451172
mapped_signed_split_net0,6.1165032386779785,above,2.1477532386779785
mapped_signed_split_net0,-6.1165032386779785,below,2.1165032386779785
mapped_signed_split_net0,-7.426198482513428,below,3.4261984825134277
mapped_signed_split_net0,-4.42360258102417,below,0.4236025810241699
mapped_signed_split_net0,7.426198482513428,above,3.4574484825134277
mapped_signed_split_net0,4.42360258102417,above,0.4548525810241699
mapped_signed_split_net0,5.914496898651123,above,1.945746898651123
mapped_signed_split_net0,-5.914496898651123,below,1.914496898651123
mapped_signed_split_net0,-4.8107500076293945,below,0.8107500076293945
mapped_signed_split_net0,4.8107500076293945,above,0.8420000076293945
mapped_signed_split_net0,-4.687705039978027,below,0.6877050399780273
mapped_signed_split_net0,4.687705039978027,above,0.7189550399780273
mapped_signed_split_net0,-4.7140655517578125,below,0.7140655517578125
mapped_signed_split_net0,-17.692325592041016,below,13.692325592041016
mapped_signed_split_net0,8.056661605834961,above,4.087911605834961
mapped_signed_split_net0,-4.122056484222412,below,0.12205648422241211
mapped_signed_split_net0,-5.400179386138916,below,1.400179386138916
mapped_signed_split_net0,-4.159267425537109,below,0.15926742553710938
mapped_signed_split_net0,4.7140655517578125,above,0.7453155517578125
mapped_signed_split_net0,17.692325592041016,above,13.723575592041016
mapped_signed_split_net0,-8.056661605834961,below,4.056661605834961
mapped_signed_split_net0,4.122056484222412,above,0.1533064842224121
mapped_signed_split_net0,5.400179386138916,above,1.431429386138916
mapped_signed_split_net0,4.159267425537109,above,0.19051742553710938
mapped_signed_split_net0,-7.1967668533325195,below,3.1967668533325195
mapped_signed_split_net0,-12.738116264343262,below,8.738116264343262
mapped_signed_split_net0,7.1967668533325195,above,3.2280168533325195
mapped_signed_split_net0,12.738116264343262,above,8.769366264343262
mapped_signed_split_net0,4.379396438598633,above,0.4106464385986328
mapped_signed_split_net0,-4.379396438598633,below,0.3793964385986328
mapped_signed_split_net0,-4.290311336517334,below,0.290311336517334
mapped_signed_split_net0,9.642120361328125,above,5.673370361328125
mapped_signed_split_net0,4.290311336517334,above,0.321561336517334
mapped_signed_split_net0,-9.642120361328125,below,5.642120361328125
mapped_signed_split_net0,-7.287067890167236,below,3.2870678901672363
mapped_signed_split_net0,7.287067890167236,above,3.3183178901672363
mapped_signed_split_net0,-6.363624572753906,below,2.3636245727539062
mapped_signed_split_net0,7.289207458496094,above,3.3204574584960938
mapped_signed_split_net0,6.363624572753906,above,2.3948745727539062
mapped_signed_split_net0,-7.289207458496094,below,3.2892074584960938
mapped_signed_split_net0,5.151649475097656,above,1.1828994750976562
mapped_signed_split_net0,-5.151649475097656,below,1.1516494750976562
mapped_signed_split_net0,4.530266761779785,above,0.5615167617797852
mapped_signed_split_net0,7.563727378845215,above,3.594977378845215
mapped_signed_split_net0,-4.530266761779785,below,0.5302667617797852
mapped_signed_split_net0,-7.563727378845215,below,3.563727378845215
mapped_signed_split_net0,9.35361385345459,above,5.38486385345459
mapped_signed_split_net0,5.476914405822754,above,1.508164405822754
mapped_signed_split_net0,-9.35361385345459,below,5.35361385345459
mapped_signed_split_net0,3.9888205528259277,above,0.020070552825927734
mapped_signed_split_net0,-5.476914405822754,below,1.476914405822754
mapped_signed_split_net0,6.9751763343811035,above,3.0064263343811035
mapped_signed_split_net0,-6.695337295532227,below,2.6953372955322266
mapped_signed_split_net0,7.974715709686279,above,4.005965709686279
mapped_signed_split_net0,-6.9751763343811035,below,2.9751763343811035
mapped_signed_split_net0,6.695337295532227,above,2.7265872955322266
mapped_signed_split_net0,-7.974715709686279,below,3.9747157096862793
mapped_signed_split_net0,6.830798625946045,above,2.862048625946045
mapped_signed_split_net0,-6.71415901184082,below,2.7141590118408203
mapped_signed_split_net0,-6.830798625946045,below,2.830798625946045
mapped_signed_split_net0,6.71415901184082,above,2.7454090118408203
mapped_signed_split_net0,-5.233595371246338,below,1.233595371246338
mapped_signed_split_net0,4.577633857727051,above,0.6088838577270508
mapped_signed_split_net0,5.233595371246338,above,1.264845371246338
mapped_signed_split_net0,-4.577633857727051,below,0.5776338577270508
mapped_signed_split_net0,-5.016573905944824,below,1.0165739059448242
mapped_signed_split_net0,5.016573905944824,above,1.0478239059448242
mapped_signed_split_net0,4.932680130004883,above,0.9639301300048828
mapped_signed_split_net0,18.863601684570312,above,14.894851684570312
mapped_signed_split_net0,10.82565975189209,above,6.85690975189209
mapped_signed_split_net0,-4.932680130004883,below,0.9326801300048828
mapped_signed_split_net0,-18.863601684570312,below,14.863601684570312
mapped_signed_split_net0,-10.82565975189209,below,6.82565975189209
mapped_signed_split_net0,-4.048672676086426,below,0.04867267608642578
mapped_signed_split_net0,3.9796764850616455,above,0.010926485061645508
mapped_signed_split_net0,4.048672676086426,above,0.07992267608642578
mapped_signed_split_net0,-4.276942253112793,below,0.27694225311279297
mapped_signed_split_net0,4.276942253112793,above,0.30819225311279297
mapped_signed_split_net0,-10.676626205444336,below,6.676626205444336
mapped_signed_split_net0,10.676626205444336,above,6.707876205444336
mapped_signed_split_net0,4.108009338378906,above,0.13925933837890625
mapped_signed_split_net0,-5.2852463722229,below,1.2852463722229004
mapped_signed_split_net0,-9.529960632324219,below,5.529960632324219
mapped_signed_split_net0,-7.049269199371338,below,3.049269199371338
mapped_signed_split_net0,-4.108009338378906,below,0.10800933837890625
mapped_signed_split_net0,5.2852463722229,above,1.3164963722229004
mapped_signed_split_net0,9.529960632324219,above,5.561210632324219
mapped_signed_split_net0,7.049269199371338,above,3.080519199371338
mapped_signed_split_net0,-5.669027328491211,below,1.669027328491211
mapped_signed_split_net0,-14.219135284423828,below,10.219135284423828
mapped_signed_split_net0,5.669027328491211,above,1.700277328491211
mapped_signed_split_net0,14.219135284423828,above,10.250385284423828
mapped_signed_split_net0,6.471602439880371,above,2.502852439880371
mapped_signed_split_net0,-9.47482967376709,below,5.47482967376709
mapped_signed_split_net0,-6.471602439880371,below,2.471602439880371
mapped_signed_split_net0,9.47482967376709,above,5.50607967376709
mapped_signed_split_net0,-4.141606330871582,below,0.14160633087158203
mapped_signed_split_net0,4.213393688201904,above,0.2446436882019043
mapped_signed_split_net0,4.716207981109619,above,0.7474579811096191
mapped_signed_split_net0,3.979722499847412,above,0.01097249984741211
mapped_signed_split_net0,4.141606330871582,above,0.17285633087158203
mapped_signed_split_net0,-4.213393688201904,below,0.2133936882019043
mapped_signed_split_net0,-4.716207981109619,below,0.7162079811096191
mapped_signed_split_net0,-5.175835132598877,below,1.175835132598877
mapped_signed_split_net0,5.175835132598877,above,1.207085132598877
mapped_signed_split_net0,5.06807279586792,above,1.09932279586792
mapped_signed_split_net0,-5.06807279586792,below,1.06807279586792
mapped_signed_split_net0,-4.007292747497559,below,0.007292747497558594
mapped_signed_split_net0,-5.742588043212891,below,1.7425880432128906
mapped_signed_split_net0,-5.275136470794678,below,1.2751364707946777
mapped_signed_split_net0,-7.736285209655762,below,3.7362852096557617
mapped_signed_split_net0,5.770925045013428,above,1.8021750450134277
mapped_signed_split_net0,4.007292747497559,above,0.038542747497558594
mapped_signed_split_net0,5.742588043212891,above,1.7738380432128906
mapped_signed_split_net0,5.275136470794678,above,1.3063864707946777
mapped_signed_split_net0,7.736285209655762,above,3.7675352096557617
mapped_signed_split_net0,-5.770925045013428,below,1.7709250450134277
mapped_signed_split_net0,-4.5311455726623535,below,0.5311455726623535
mapped_signed_split_net0,4.5311455726623535,above,0.5623955726623535
mapped_signed_split_net0,-7.441088676452637,below,3.4410886764526367
mapped_signed_split_net0,13.392538070678711,above,9.423788070678711
mapped_signed_split_net0,-5.579061031341553,below,1.5790610313415527
mapped_signed_split_net0,7.441088676452637,above,3.4723386764526367
mapped_signed_split_net0,-13.392538070678711,below,9.392538070678711
mapped_signed_split_net0,5.579061031341553,above,1.6103110313415527
mapped_signed_split_net0,-7.975597381591797,below,3.975597381591797
mapped_signed_split_net0,7.975597381591797,above,4.006847381591797
mapped_signed_split_net0,-4.337017059326172,below,0.3370170593261719
mapped_signed_split_net0,7.908278942108154,above,3.9395289421081543
mapped_signed_split_net0,-11.186039924621582,below,7.186039924621582
mapped_signed_split_net0,4.337017059326172,above,0.3682670593261719
mapped_signed_split_net0,3.994506359100342,above,0.025756359100341797
mapped_signed_split_net0,-7.908278942108154,below,3.9082789421081543
mapped_signed_split_net0,11.186039924621582,above,7.217289924621582
mapped_signed_split_net0,9.194144248962402,above,5.225394248962402
mapped_signed_split_net0,-5.207479000091553,below,1.2074790000915527
mapped_signed_split_net0,11.93679141998291,above,7.96804141998291
mapped_signed_split_net0,30.2374210357666,above,26.2686710357666
mapped_signed_split_net0,-9.194144248962402,below,5.194144248962402
mapped_signed_split_net0,5.207479000091553,above,1.2387290000915527
mapped_signed_split_net0,-11.93679141998291,below,7.93679141998291
mapped_signed_split_net0,-30.2374210357666,below,26.2374210357666
mapped_signed_split_net0,-4.1836137771606445,below,0.18361377716064453
mapped_signed_split_net0,4.768332004547119,above,0.7995820045471191
mapped_signed_split_net0,5.909875392913818,above,1.9411253929138184
mapped_signed_split_net0,4.1836137771606445,above,0.21486377716064453
mapped_signed_split_net0,-4.768332004547119,below,0.7683320045471191
mapped_signed_split_net0,-5.909875392913818,below,1.9098753929138184
mapped_signed_split_net0,5.047784805297852,above,1.0790348052978516
mapped_signed_split_net0,-5.047784805297852,below,1.0477848052978516
mapped_signed_split_net0,8.24669361114502,above,4.2779436111450195
mapped_signed_split_net0,-8.24669361114502,below,4.2466936111450195
mapped_signed_split_net0,7.996620178222656,above,4.027870178222656
mapped_signed_split_net0,5.0211944580078125,above,1.0524444580078125
mapped_signed_split_net0,-4.992564678192139,below,0.9925646781921387
mapped_signed_split_net0,-7.996620178222656,below,3.9966201782226562
mapped_signed_split_net0,-5.0211944580078125,below,1.0211944580078125
mapped_signed_split_net0,4.992564678192139,above,1.0238146781921387
mapped_signed_split_net0,-4.2340312004089355,below,0.23403120040893555
mapped_signed_split_net0,5.1166205406188965,above,1.1478705406188965
mapped_signed_split_net0,4.2340312004089355,above,0.26528120040893555
mapped_signed_split_net0,-5.1166205406188965,below,1.1166205406188965
mapped_signed_split_net0,-4.773586273193359,below,0.7735862731933594
mapped_signed_split_net0,4.864206790924072,above,0.8954567909240723
mapped_signed_split_net0,-12.122039794921875,below,8.122039794921875
mapped_signed_split_net0,-9.753993034362793,below,5.753993034362793
mapped_signed_split_net0,4.773586273193359,above,0.8048362731933594
mapped_signed_split_net0,-4.864206790924072,below,0.8642067909240723
mapped_signed_split_net0,12.122039794921875,above,8.153289794921875
mapped_signed_split_net0,9.753993034362793,above,5.785243034362793
mapped_signed_split_net0,4.588405132293701,above,0.6196551322937012
mapped_signed_split_net0,-4.588405132293701,below,0.5884051322937012
mapped_signed_split_net0,7.06762170791626,above,3.0988717079162598
mapped_signed_split_net0,4.110573768615723,above,0.14182376861572266
mapped_signed_split_net0,-7.06762170791626,below,3.0676217079162598
mapped_signed_split_net0,-4.110573768615723,below,0.11057376861572266
mapped_signed_split_net0,-4.1276631355285645,below,0.12766313552856445
mapped_signed_split_net0,4.773574352264404,above,0.8048243522644043
mapped_signed_split_net0,4.1276631355285645,above,0.15891313552856445
mapped_signed_split_net0,-4.773574352264404,below,0.7735743522644043
mapped_signed_split_net0,6.763885498046875,above,2.795135498046875
mapped_signed_split_net0,-13.865335464477539,below,9.865335464477539
mapped_signed_split_net0,-6.763885498046875,below,2.763885498046875
mapped_signed_split_net0,13.865335464477539,above,9.896585464477539
mapped_signed_split_net0,4.247762203216553,above,0.27901220321655273
mapped_signed_split_net0,-12.591188430786133,below,8.591188430786133
mapped_signed_split_net0,35.168479919433594,above,31.199729919433594
mapped_signed_split_net0,-4.247762203216553,below,0.24776220321655273
mapped_signed_split_net0,12.591188430786133,above,8.622438430786133
mapped_signed_split_net0,-35.168479919433594,below,31.168479919433594
mapped_signed_split_net0,3.993028402328491,above,0.02427840232849121
mapped_signed_split_net0,6.8230366706848145,above,2.8542866706848145
mapped_signed_split_net0,-6.8230366706848145,below,2.8230366706848145
mapped_signed_split_net0,-7.9408111572265625,below,3.9408111572265625
mapped_signed_split_net0,4.740848064422607,above,0.7720980644226074
mapped_signed_split_net0,-5.7010273933410645,below,1.7010273933410645
mapped_signed_split_net0,7.9408111572265625,above,3.9720611572265625
mapped_signed_split_net0,-4.740848064422607,below,0.7408480644226074
mapped_signed_split_net0,5.7010273933410645,above,1.7322773933410645
mapped_signed_split_net0,-5.534879684448242,below,1.5348796844482422
mapped_signed_split_net0,-4.1488189697265625,below,0.1488189697265625
mapped_signed_split_net0,-4.265671253204346,below,0.2656712532043457
mapped_signed_split_net0,5.534879684448242,above,1.5661296844482422
mapped_signed_split_net0,4.1488189697265625,above,0.1800689697265625
mapped_signed_split_net0,4.265671253204346,above,0.2969212532043457
mapped_signed_split_net0,-8.9556884765625,below,4.9556884765625
mapped_signed_split_net0,8.9556884765625,above,4.9869384765625
mapped_signed_split_net0,-4.725160598754883,below,0.7251605987548828
mapped_signed_split_net0,4.725160598754883,above,0.7564105987548828
mapped_signed_split_net0,4.176469326019287,above,0.2077193260192871
mapped_signed_split_net0,-4.176469326019287,below,0.1764693260192871
mapped_signed_split_net0,4.476313591003418,above,0.507563591003418
mapped_signed_split_net0,-5.599625110626221,below,1.5996251106262207
mapped_signed_split_net0,6.725121974945068,above,2.7563719749450684
mapped_signed_split_net0,-4.476313591003418,below,0.47631359100341797
mapped_signed_split_net0,5.599625110626221,above,1.6308751106262207
mapped_signed_split_net0,-6.725121974945068,below,2.7251219749450684
